nickname,normalized_nickname,display_name,platform,category,game_id,language,viewers,title,started_at,mature,url,user_id,stream_id,first_seen,last_seen
1St_LudomanRadio,1st_ludomanradio,1St_LudomanRadio,Kick,Slots & Casino,28,ru,2,Первое лудоманское радио в эфире!,2026-09-23T14:04:15Z,,https://kick.com/1st-ludomanradio,87189171,01a0ce94-d318-7133-98d2-8d07a47bf54d,2026-09-23 18:49:19,2026-09-23 18:55:47
2busyyy,2busyyy,2busyyy,Kick,Slots & Casino,28,en,17,$20 giveaway every 30min 5x chance for subs !enter !stake,2026-09-23T18:21:10Z,,https://kick.com/2busyyy,1602420,01a0cf80-09f0-7059-ac01-a23d3222717d,2026-09-23 18:49:19,2026-09-23 18:55:47
3Vslot9,3vslot9,3Vslot9,Kick,Slots & Casino,28,en,2,🔥 Secure a $50 mega welcome gift just for joining – no deposit!Get a special 700% bonus on your first deposit! 🎆 👉 Unlock Mega Wins!,2026-09-21T22:57:43Z,,https://kick.com/3vslot9,106884530,01a0c630-8258-742b-acc4-8e47ae82db0f,2026-09-23 18:49:19,2026-09-23 18:55:47
3thimni,3thimni,3thimni,Kick,Slots & Casino,28,ar,593,🎁21 .com🎁  400% bonus  ye ne7wikom ye ne7wikom,2026-09-23T18:18:10Z,,https://kick.com/3thimni,11132394,01a0cf7d-4ad0-7fef-8526-3792276512ac,2026-09-23 18:49:19,2026-09-23 18:55:47
3vslot12,3vslot12,3vslot12,Kick,Slots & Casino,28,en,2,"Several popular slot machine game providers in Las Vegas, online entertainment.",2026-09-23T09:23:21Z,,https://kick.com/3vslot12,130365473,01a0cd93-a728-7157-9ba7-3c93eba4783a,2026-09-23 18:49:19,2026-09-23 18:55:47
420_jackpot,420_jackpot,420_jackpot,Kick,Slots & Casino,28,de,0,💰 JETZT LIVE | !giveaway in den Chat /420BONUS.COM🔥,2026-09-23T18:51:14Z,,https://kick.com/420-jackpot,98435965,01a0cf9b-90d0-72c0-ba89-7078941871ee,2026-09-23 18:49:19,2026-09-23 18:55:47
AFERIStT,aferistt,AFERIStT,Kick,Slots & Casino,28,ru,990,ᝰ🚬Nicotine ✙ ⛏Dopamine⛏ 6.000$,2026-09-23T17:32:17Z,,https://kick.com/aferistt,26749543,01a0cf53-48e8-791c-962e-7430959fa054,2026-09-23 18:49:19,2026-09-23 18:55:47
ALER137,aler137,ALER137,Kick,Slots & Casino,28,ru,35,!КЕШБЕК ДО 4.000₽ | ДЕП 200К | !КЕШБЕК | !TG | ВСЕ ССЫЛКИ В ОПИСАНИИ,2026-09-29T19:22:36Z,True,https://kick.com/aler137,44057833,01a0ee9e-7060-74f8-887c-a42fab60a5e7,2026-09-23 18:49:19,2026-10-01 07:07:01
ARTCBETS,artcbets,ARTCBETS,Kick,Slots & Casino,28,en,226,3.900$  💵 RAW GAMBLING 200$+Giveaways 🎰5k !LB !YEET | Daily  Viewer events🎰,2026-09-23T17:41:54Z,,https://kick.com/artcbets,72762241,01a0cf5c-16d0-7a6e-8fc1-a9cdbce52b6f,2026-09-23 18:49:19,2026-09-23 18:55:47
AZARTIK_OFF,azartik_off,AZARTIK_OFF,Kick,Slots & Casino,28,ru,424,"СМОТРИ И ПОЛУЧАЙ БОНУСКУ, ДЕЛИМ 50/50",2026-09-23T18:15:20Z,,https://kick.com/azartik_off,48424878,01a0cf7a-b2c0-7e2a-a21e-6995f18bc6d3,2026-09-23 18:49:19,2026-09-23 18:55:47
Abzock21,abzock21,Abzock21,Kick,Slots & Casino,28,de,14,Blackjack !15€ Free 💸 |350% Bonus auf www.kingbonus21.com VOD,2026-09-30T04:12:47Z,True,https://kick.com/abzock21,875328,01a0f083-d618-7507-b97a-c8acf03b3101,2026-10-01 07:07:01,2026-10-01 07:07:01
AdmoReiz,admoreiz,AdmoReiz,Kick,Slots & Casino,28,en,14,💰 $2500 START ON !DUELBITS - $5000 IN WEEKLY !LEADERBOARDS !DUELBITS !DB !Discord,2026-10-01T06:28:57Z,True,https://kick.com/admoreiz,129824646,01a0f626-dc28-7377-94b2-eb67aeccde51,2026-10-01 07:07:01,2026-10-01 07:07:01
Aivallin,aivallin,Aivallin,Kick,Slots & Casino,28,en,4,TIPS FOR CALLS | $1000 RAW BALANCE | !LEADERBOARD | Code: AIV,2026-09-23T18:55:22Z,,https://kick.com/aivallin,118803976,01a0cf9f-5990-752f-9629-66b21d7c4b45,2026-09-23 18:55:47,2026-09-23 18:55:47
AlexC0ld7,alexc0ld7,AlexC0ld7,Kick,Slots & Casino,28,ru,30,🍾 ФИНАНСЫ: 100.000Р 🍾 КЕШБЕК ДО 7К РУБЛЕЙ КАЖДОМУ 🍾 !КЕШБЕК 🍾 !LEON,2026-09-29T19:22:47Z,True,https://kick.com/alexc0ld7,125530332,01a0ee9e-9b58-74fa-8e6c-c750dddb675c,2026-09-23 18:49:19,2026-10-01 07:07:01
AllInActionTV,allinactiontv,AllInActionTV,Kick,Slots & Casino,28,en,221,"🎰 LIVE NOW | $6,000 Leaderboard 💰 | Code ALLINACTION | VS Mode $25",2026-10-01T06:35:07Z,True,https://kick.com/allinactiontv,112255088,01a0f62c-8178-73bb-912c-6d38c405f1d9,2026-10-01 07:07:01,2026-10-01 07:07:01
AllStarzTV,allstarztv,AllStarzTV,Kick,Slots & Casino,28,en,1,PRAGMATIC MAX WINS! | Kweake Partner | !lb !discord !join,2026-09-23T18:37:10Z,,https://kick.com/allstarztv,69202428,01a0cf8e-aff0-72b8-ad6a-e721dd0dbe7b,2026-09-23 18:49:19,2026-09-23 18:55:47
Alves,alves,Alves,Kick,Slots & Casino,28,pt,2,BONUS HUNT | START : 500$ | NOVA CASA | LINK AFIXADO❗,2026-09-23T18:33:18Z,,https://kick.com/alves,9506018,01a0cf8b-25b0-708c-95d9-61916a72ec92,2026-09-23 18:49:19,2026-09-23 18:55:47
Annaldo,annaldo,Annaldo,Kick,Slots & Casino,28,en,1,Wieczorne rozważania o miłości do boga i drugiego człowieka,2026-09-23T18:32:32Z,,https://kick.com/annaldo,84828146,01a0cf8a-7200-707a-865f-c109cb1bf162,2026-09-23 18:49:19,2026-09-23 18:55:47
AnoT1k67,anot1k67,AnoT1k67,Kick,Slots & Casino,28,en,0,New deposit - new life $1200 balance,2026-09-23T18:50:22Z,,https://kick.com/anot1k67,64702350,01a0cf9a-c5b0-72a1-9c99-0eeb31890525,2026-09-23 18:49:19,2026-09-23 18:55:47
Apoorvaplays,apoorvaplays,Apoorvaplays,Kick,Slots & Casino,28,en-IN,166,STAKE MAKE ME RICH 🔴,2026-09-23T17:24:00Z,,https://kick.com/apoorvaplays,117904747,01a0cf4b-b380-77e9-b56a-e62110dc5bb6,2026-09-23 18:49:19,2026-09-23 18:49:19
AppieWeb3,appieweb3,AppieWeb3,Kick,Slots & Casino,28,en,240,"MAX WIN TODAY ⭐ $250 IN GIVEAWAYS ⭐ $20,000 LB !rewards",2026-09-23T18:12:48Z,,https://kick.com/appieweb3,61224295,01a0cf78-6100-7f29-bb39-60aaa2ec7d4e,2026-09-23 18:49:19,2026-09-23 18:55:47
Arthas,arthas,Arthas,Kick,Slots & Casino,28,ru,1261,Кузмич,2026-09-23T17:41:43Z,,https://kick.com/arthas,17185442,01a0cf5b-ebd8-78f7-843f-c0977e578659,2026-09-23 18:49:19,2026-09-23 18:49:19
AtomicGambles,atomicgambles,AtomicGambles,Kick,Slots & Casino,28,en,231,18+🎲 |💵$2700 Slot Action on !Minebit w Dylan🎉| !discord JOIN THE COMMUNIT,2026-09-23T17:59:37Z,,https://kick.com/atomicgambles,1156108,01a0cf6c-4f28-7b87-b23d-565fa7cb675a,2026-09-23 18:49:19,2026-09-23 18:55:47
AugustMMXXIII,augustmmxxiii,AugustMMXXIII,Kick,Slots & Casino,28,en,186,i need a comeback🔥WIN A DLORE !RAFFLE🔥 $60K LB | !dc !lb,2026-09-23T17:45:02Z,,https://kick.com/augustmmxxiii,41365699,01a0cf5e-f530-7ada-bc8f-12ce0cbb621b,2026-09-23 18:49:19,2026-09-23 18:55:47
AzartnuyNoks,azartnuynoks,AzartnuyNoks,Kick,Slots & Casino,28,ru,274,🔥ДЕП 200$ НА STAKE! РЕГА - 5$!,2026-09-23T18:17:36Z,,https://kick.com/azartnuynoks,26376441,01a0cf7c-c600-7fdb-b461-9a8a547da9bb,2026-09-23 18:49:19,2026-09-23 18:55:47
BAYKIN,baykin,BAYKIN,Kick,Slots & Casino,28,en,322,$600 RAW START!! 🎉 | 💸 TYPE !SITE IN THE CHAT FOR MORE INFO 💸 | STAKE PARTNER | LOTS OF GIVEAWAYS!,2026-09-23T18:38:20Z,,https://kick.com/baykin,10262628,01a0cf8f-c160-72e2-842a-8456fbe30c58,2026-09-23 18:49:19,2026-09-23 18:55:47
BCX91,bcx91,BCX91,Kick,Slots & Casino,28,en,366,My pronouns are BIG / WIN --- 60k+ LB / CSGORoll / CSGOGem / Luxdrop / Skinrave !LB !code !dc,2026-09-23T16:45:32Z,,https://kick.com/bcx91,18094837,01a0cf28-7be0-7110-a1a8-2dda1a0d7de7,2026-09-23 18:49:19,2026-09-23 18:55:47
BEER_JACKA,beer_jacka,BEER_JACKA,Kick,Slots & Casino,28,ru,283,BEER_JACKA ЗАНОСИТ НА СТРИМЕ,2026-09-23T16:33:45Z,,https://kick.com/beer-jacka,114100477,01a0cf1d-b228-7137-aa49-7901863bd1e8,2026-09-23 18:49:19,2026-09-23 18:55:47
BIGBOY_LEGENDAA,bigboy_legendaa,BIGBOY_LEGENDAA,Kick,Slots & Casino,28,ru,2699,🔥БОМЖЫ КРУТЯТ MELLSTORY GAME | ДЕП : 8000$ . ВЫВОД : ?🔥,2026-09-23T18:04:18Z,,https://kick.com/bigboy_legendaa,60388661,01a0cf70-98d0-7c45-b4e9-8fe3c8b9d5ce,2026-09-23 18:49:19,2026-09-23 18:55:47
BORECKIY,boreckiy,BORECKIY,Kick,Slots & Casino,28,ru,34,ГОНИМ ГУСЕЙ НА БАБЛО 1К БУН ДЭП,2026-09-23T17:57:31Z,,https://kick.com/boreckiy,124149104,01a0cf6a-62f8-7b2c-b041-acca06784816,2026-09-23 18:49:19,2026-09-23 18:55:47
BR0KEB0I,br0keb0i,BR0KEB0I,Kick,Slots & Casino,28,en,1,🏀 | 💸 PARLEY + 5% GIVEAWAY EVERY CASHOUT 🏀 | 💸,2026-09-23T17:20:32Z,,https://kick.com/br0keb0i,39398,01a0cf48-8700-75f8-a145-9204d737c8ad,2026-09-23 18:49:19,2026-09-23 18:55:47
BacbBacb_TV,bacbbacb_tv,BacbBacb_TV,Kick,Slots & Casino,28,ru,440,VODKA - promo Vasek03 | Слоты пополам со зрителями | !TG !Vodka !Stake !ПОКЕРОК,2026-10-01T06:39:28Z,True,https://kick.com/bacbbacb_tv,4644843,01a0f630-7d00-73df-964e-5712998a4cf4,2026-10-01 07:07:01,2026-10-01 07:07:01
BallySlots,ballyslots,BallySlots,Kick,Slots & Casino,28,en,435,$2000 FREESTLYE ON STAKE - $100 x 5 FREE TO JOIN RAFFLE ON BALLYREWARDS.NET | !stake !raffle !site,2026-10-01T07:01:32Z,True,https://kick.com/ballyslots,55121659,01a0f644-b0e0-7289-afba-94a1042029f1,2026-10-01 07:07:01,2026-10-01 07:07:01
BarisCetiin,bariscetiin,BarisCetiin,Kick,Slots & Casino,28,tr,1033,bu yayıncı daha genç ananı tanıyor olamaz  !tg !dc,2026-09-23T18:01:18Z,,https://kick.com/bariscetiin,24722041,01a0cf6d-d9b0-7d36-81a0-a360bc70f50c,2026-09-23 18:55:47,2026-09-23 18:55:47
Basssultanhengzt45,basssultanhengzt45,Basssultanhengzt45,Kick,Slots & Casino,28,de,438,90K SLOTS ! WI KAUFEN JEDES HACKSAW SPIEL!! | !BONUS in den chat für die besten Angebote !!!!,2026-09-23T12:59:18Z,,https://kick.com/basssultanhengzt45,5258435,01a0ce59-5c70-7bc1-a0a0-227ef3b0f83a,2026-09-23 18:49:19,2026-09-23 18:55:47
Benelli80,benelli80,Benelli80,Kick,Slots & Casino,28,ru,7,СТРИМ!  ЛЯ Casino ! КОЛЕСО зрителям! ТГ !tg,2026-09-23T18:21:19Z,,https://kick.com/benelli80,26030504,01a0cf80-2d18-7eec-898b-4879fe25161c,2026-09-23 18:49:19,2026-09-23 18:55:47
BigGlobRob024,bigglobrob024,BigGlobRob024,Kick,Slots & Casino,28,en,44,Smoke Sesh come get lit a bunch of new strains pens and rosin 420 all day 21+ lets get it lets gooo,2026-09-30T22:42:37Z,True,https://kick.com/bigglobrob024,1875233,01a0f47b-eb48-724f-a699-93c393739a95,2026-10-01 07:07:01,2026-10-01 07:07:01
BigHandBro_Korea,bighandbro_korea,BigHandBro_Korea,Kick,Slots & Casino,28,ko,72,[큰손형 슬롯생방송] 10월 01일 2부 시작합니다 #슬롯 #바카라,2026-10-01T07:00:40Z,True,https://kick.com/bighandbro-korea,76308371,01a0f643-e5c0-749d-abd7-0ccb335fe358,2026-10-01 07:07:01,2026-10-01 07:07:01
BindsSlot,bindsslot,BindsSlot,Kick,Slots & Casino,28,en,1,Raw Balance | Big !Bonus | Wager Leaderboard !Site,2026-09-22T22:53:32Z,,https://kick.com/bindsslot,114884640,01a0cb53-09e0-7ff5-a2a7-472610eb48bd,2026-09-23 18:49:19,2026-09-23 18:55:47
BinrollMaster,binrollmaster,BinrollMaster,Kick,Slots & Casino,28,en,2,"🟠RAW $10,000 Balance!🟠 Bonuses & $2,100 Wager Leaderboard !Bonus !Discord Rerun!",2026-09-22T22:53:33Z,,https://kick.com/binrollmaster,92838864,01a0cb53-0dc8-7ff9-b3c1-4be1bac2108f,2026-09-23 18:49:19,2026-09-23 18:55:47
BlackSen123,blacksen123,BlackSen123,Kick,Slots & Casino,28,ru,4,Нужен чёткий вывод! MELLSTROY. Депозит: 5k | ВСЕ ССЫЛКИ В ОПИСАНИИ,2026-09-23T17:50:21Z,,https://kick.com/blacksen123,31799515,01a0cf63-d348-7a0b-80d1-0134b96ffe61,2026-09-23 18:49:19,2026-09-23 18:55:47
Blame,blame,Blame,Kick,Slots & Casino,28,en,443,HELMET TESTING...NEXT TRIP INCOMING.,2026-10-01T04:06:23Z,True,https://kick.com/blame,27239555,01a0f5a4-5618-77c5-af57-e768c15c69c9,2026-10-01 07:07:01,2026-10-01 07:07:01
BlondeRabbit,blonderabbit,BlondeRabbit,Kick,Slots & Casino,28,en,960,"I am ordering NOODLES! You know what that means.. LUL - BB Splits, Code Drops, and good vibes!  !stake",2026-09-23T17:18:23Z,,https://kick.com/blonderabbit,9225,01a0cf46-8f18-75b0-b513-5c8de84b1291,2026-09-23 18:49:19,2026-09-23 18:55:47
BoltOnBarbie,boltonbarbie,BoltOnBarbie,Kick,Slots & Casino,28,en,504,$500 GIVEAWAY AND PC TONIGHT!!!!!!!!!!,2026-10-01T05:58:16Z,True,https://kick.com/boltonbarbie,18091484,01a0f60a-c4c0-7054-bda9-b82c896bdd5b,2026-10-01 07:07:01,2026-10-01 07:07:01
Bonessi,bonessi,Bonessi,Kick,Slots & Casino,28,es,23,PELADO MANEJA CHATA SALE MAL/ !keydrop !memide,2026-10-01T02:05:22Z,True,https://kick.com/bonessi,62968297,01a0f535-8ad0-7c58-ac48-6322615b83da,2026-10-01 07:07:01,2026-10-01 07:07:01
BonoHamilton,bonohamilton,BonoHamilton,Kick,Slots & Casino,28,en,295,Alabang  | LH44 on stake | !stake,2026-10-01T06:16:26Z,True,https://kick.com/bonohamilton,83542834,01a0f61b-6690-710e-b73f-4b28aeeed7a2,2026-10-01 07:07:01,2026-10-01 07:07:01
Bonustrio,bonustrio,Bonustrio,Kick,Slots & Casino,28,de,359,🍀 20 S.C. (€) + 200.000 G.C. GRATIS! 🍀 !Stake | 3 Turniere Daily | 200$ Raffles 🔴,2026-10-01T07:00:36Z,True,https://kick.com/bonustrio,26309,01a0f643-d620-749d-9e5a-005b76304904,2026-10-01 07:07:01,2026-10-01 07:07:01
Brute,brute,Brute,Kick,Slots & Casino,28,en,199,"$1,000 Start on !Gamba - Today could be a big day ? can it be a big day ? MAYBE",2026-09-23T17:49:52Z,,https://kick.com/brute,74452805,01a0cf63-6200-79fd-8379-813e8a57b2ed,2026-09-23 18:49:19,2026-09-23 18:55:47
Buddies,buddies,Buddies,Kick,Slots & Casino,28,en,8,🔥WACKY WEDNESDAY! 3k BONUS HUNT 🔥 🔥!STAKE For 200% Bonus Use Code Buddies 🔞,2026-09-23T17:57:20Z,,https://kick.com/buddies,1879046,01a0cf6a-3800-7c79-9d1f-61b5725a3067,2026-09-23 18:49:19,2026-09-23 18:55:47
BykingCL,bykingcl,BykingCL,Kick,Slots & Casino,28,es,867,NOCHESITA DE CASINO | !1win,2026-10-01T03:51:20Z,True,https://kick.com/bykingcl,6615445,01a0f596-8ec0-74c4-848d-ace5ff0e9447,2026-10-01 07:07:01,2026-10-01 07:07:01
CAHTEXHUKK,cahtexhukk,CAHTEXHUKK,Kick,Slots & Casino,28,ru,195,ИЩУ БЕКИНГ НА СЕГОДНЯЩИЙ ЗАНОС STAKE,2026-09-23T10:51:44Z,,https://kick.com/cahtexhukk,25786756,01a0cde4-9200-7546-9f3c-a87ad5d93764,2026-09-23 18:49:19,2026-09-23 18:55:47
CASINOJOEY,casinojoey,CASINOJOEY,Kick,Slots & Casino,28,de,217,"10000€ GIVEAWAY🔥🎰 --> https://casino-joey.com/gewinnspiel/ Selber Schuld, wer sich sein Hack nicht abholt...",2026-09-23T18:06:46Z,,https://kick.com/casinojoey,56793339,01a0cf72-daf0-7e29-b271-6ccfae0cad84,2026-09-23 18:49:19,2026-09-23 18:55:47
CASINO_SKILL,casino_skill,CASINO_SKILL,Kick,Slots & Casino,28,ru,345,"5000$ СТАРТ, ВКЛЮЧИ VPN и УЗРИ СТРИМ))) ПОГНАЛИ ЗАНОСИТЬ",2026-09-23T18:44:31Z,,https://kick.com/casino-skill,30149402,01a0cf95-6a98-73ba-98ce-bd50fb7cc632,2026-09-23 18:49:19,2026-09-23 18:55:47
CKGAMBLES,ckgambles,CKGAMBLES,Kick,Slots & Casino,28,en,30,"Lets WIN BIG ? ||Taking your calls Thrill --> Packdraw ! Join and type ""calls""|| !dc !X !Thrill !Packdraw !LB !code Kasperh32 3500$ LB",2026-09-23T17:57:11Z,,https://kick.com/ckgambles,56824911,01a0cf6a-14d8-7c77-86fe-7562816179b2,2026-09-23 18:49:19,2026-09-23 18:55:47
CSGOBig,csgobig,CSGOBig,Kick,Slots & Casino,28,en,329,"@JORDANR HERE TO WIN MASSIVEEE!! 👀 | Battle Calls = Tips 🤑 | Promos, Tips & Free Battles",2026-09-23T17:37:13Z,,https://kick.com/csgobig,2277052,01a0cf57-cd28-79da-8527-a3a6f511c610,2026-09-23 18:49:19,2026-09-23 18:55:47
CapyLLC,capyllc,CapyLLC,Kick,Slots & Casino,28,en,8,"Tipping on DUEL, 150$ raw deposit",2026-09-23T18:21:35Z,,https://kick.com/capyllc,128555734,01a0cf80-6b98-706b-951b-a8022a4f7907,2026-09-23 18:49:19,2026-09-23 18:55:47
Carlitossg,carlitossg,Carlitossg,Kick,Slots & Casino,28,es,8,MELBET PRIME   /!IG !TIKTOK,2026-09-23T18:10:58Z,,https://kick.com/carlitossg,35065458,01a0cf76-b350-7ee0-a0cf-dc1ab7caa210,2026-09-23 18:49:19,2026-09-23 18:55:47
Carlu,carlu,Carlu,Kick,Slots & Casino,28,en,74,NO WEEKLIES...NO PROBLEM!!! !Socials !Offers,2026-09-23T18:50:46Z,,https://kick.com/carlu,206490,01a0cf9b-2370-748f-bc49-1939bc521c56,2026-09-23 18:49:19,2026-09-23 18:55:47
CasinoDaddy,casinodaddy,CasinoDaddy,Kick,Slots & Casino,28,en,351,💡🟢 NOW: ITS MY LAST DAY OF THE WEEK! THURSDAY SLOTS WITH ALFIE 💰🤑 ❗️DISCORD ❗️FORUM❗️ SITE,2026-10-01T07:01:14Z,True,https://kick.com/casinodaddy,4635555,01a0f644-6a90-74a2-a1fb-d594b024cd6e,2026-09-23 18:49:19,2026-10-01 07:07:01
CasinoMamacita,casinomamacita,CasinoMamacita,Kick,Slots & Casino,28,en,253,SLOTCALL 2X = TIPPPP │$500 LB !GAMBA🌴!Instagram🌴!Discord🌴!Twitter,2026-09-23T18:24:54Z,,https://kick.com/casinomamacita,57183513,01a0cf83-74f0-7f6b-86ef-46f4de6cdd1f,2026-09-23 18:49:19,2026-09-23 18:55:47
Caspitan,caspitan,Caspitan,Kick,Slots & Casino,28,es,1154,! ! ! ! RAW en 1xBET  ! ! ! !l !sorteos !tablamensual !1xbet,2026-10-01T06:18:08Z,True,https://kick.com/caspitan,68880029,01a0f61c-f500-7321-8d62-6ca301691b16,2026-10-01 07:07:01,2026-10-01 07:07:01
CdogSpins,cdogspins,CdogSpins,Kick,Slots & Casino,28,en,36,🔍 Degen Bonus Hunt! Win a tip! 💸 | Win a $50 Bonus Buy! 💰 !weekly | !degen !website,2026-09-23T17:39:08Z,,https://kick.com/cdogspins,16791655,01a0cf59-8e60-7a11-917c-1a1a7d50f2f7,2026-09-23 18:49:19,2026-09-23 18:55:47
CheekyGamblers,cheekygamblers,CheekyGamblers,Kick,Slots & Casino,28,en,22,"Need a Win Desperately! Luckily, I'm The Profit Streamer! | !Stake for the 5k Giveaway Every Month | !Discord For any Assistance | EN",2026-09-23T18:02:50Z,,https://kick.com/cheekygamblers,5070,01a0cf6f-4110-7d7c-ba8b-41a58a3af260,2026-09-23 18:49:19,2026-09-23 18:55:47
Cheekzs,cheekzs,Cheekzs,Kick,Slots & Casino,28,en,70,Sponsored by Hollay! | Spins and Games,2026-10-01T05:28:07Z,True,https://kick.com/cheekzs,6004369,01a0f5ef-2a58-7124-9f70-a4f8fa5f5e01,2026-10-01 07:07:01,2026-10-01 07:07:01
ChetoMorah,chetomorah,ChetoMorah,Kick,Slots & Casino,28,es,155,CRECIENDO BANK PARA HALLOKICK / CHETO,2026-10-01T04:47:05Z,True,https://kick.com/chetomorah,82293665,01a0f5c9-9928-7f0c-9ff6-17a83f435d98,2026-10-01 07:07:01,2026-10-01 07:07:01
Chicatunn,chicatunn,Chicatunn,Kick,Slots & Casino,28,es,440,Una Max Y Nos Vamos Bonus Call X Tipeo 170k RAW Estamos All IN |Stream 3/30|!wsp !ds !ig !JUGABET,2026-09-23T18:30:38Z,,https://kick.com/chicatunn,32027240,01a0cf88-b4b0-703c-9714-d205d7a8021d,2026-09-23 18:49:19,2026-09-23 18:55:47
Classybeef,classybeef,Classybeef,Kick,Slots & Casino,28,en,699,⭐BONUS BUY BATTLE⭐!STAKE⭐!STAKEEU⭐!STAKEUS⭐!RACE,2026-10-01T06:08:47Z,True,https://kick.com/classybeef,4959,01a0f614-6598-72dd-9825-3964f3d800d3,2026-09-23 18:49:19,2026-10-01 07:07:01
ClubChedda,clubchedda,ClubChedda,Kick,Slots & Casino,28,en,543,RETURN OF FC SAME FACES AFTER GAMBLING! !ROO !PACK !RACE,2026-09-23T17:56:40Z,,https://kick.com/clubchedda,279987,01a0cf69-9bc0-7c5e-9b63-377d7ba9a41c,2026-09-23 18:49:19,2026-09-23 18:55:47
CocaMD,cocamd,CocaMD,Kick,Slots & Casino,28,en,420,THRILL Sponsored $800 RAW | TIPS+BONUSES in CHAT | !thrill !code !x !discord !insta,2026-09-23T17:54:00Z,,https://kick.com/cocamd,129881922,01a0cf67-2ac0-7c0a-97ad-ab6090c1526b,2026-09-23 18:49:19,2026-09-23 18:55:47
CodeLUBEY,codelubey,CodeLUBEY,Kick,Slots & Casino,28,en,105,🔥JOIN UP with CODE: LUBEY- GIVEAWAYS 💰 💸 | !ROO | | !CS2SKIN !RAW 🎯 |5k LB,2026-10-01T05:37:38Z,True,https://kick.com/codelubey,45709312,01a0f5f7-e0d0-7186-b6cc-34da24104334,2026-10-01 07:07:01,2026-10-01 07:07:01
CokyyGamess,cokyygamess,CokyyGamess,Kick,Slots & Casino,28,es,2,Charla - Estamos con 1xbet,2026-09-23T18:56:39Z,,https://kick.com/cokyygamess,14627577,01a0cfa0-8658-755e-a681-a02cf1b5ef98,2026-09-23 18:55:47,2026-09-23 18:55:47
Colibri0023,colibri0023,Colibri0023,Kick,Slots & Casino,28,es,0,SLOTS,2026-09-23T18:58:34Z,,https://kick.com/colibri0023,52701785,01a0cfa2-4790-75a8-b716-dbf4d933825c,2026-09-23 18:55:47,2026-09-23 18:55:47
ConwayBoon,conwayboon,ConwayBoon,Kick,Slots & Casino,28,es,636,💣 ¡APUESTAS A SACO! 🚀 Hoy vamos a por el pelotazo del siglo en el VIP ➡️ ¡Trinca la pasta y tu drop exclusivo! 👑💰,2026-09-23T18:42:41Z,,https://kick.com/conwayboon,131132318,01a0cf93-bce8-737e-98c8-d971f09d12e7,2026-09-23 18:49:19,2026-09-23 18:55:47
Crasheslots,crasheslots,Crasheslots,Kick,Slots & Casino,28,en,1,INTENSE RAW SESSION | !Bonus Wager Leaderboard !site,2026-09-22T22:53:30Z,,https://kick.com/crasheslots,114886286,01a0cb53-0210-7ff7-8eea-51de127da56d,2026-09-23 18:49:19,2026-09-23 18:55:47
CrazyEkipa,crazyekipa,CrazyEkipa,Kick,Slots & Casino,28,pl,308,KRECIMY KASYNKO !!!!! Kasa za punkty i za ogladanie !!!!,2026-09-23T18:50:47Z,,https://kick.com/crazyekipa,97191256,01a0cf9b-2758-7491-bf68-7c791471b70a,2026-09-23 18:49:19,2026-09-23 18:55:47
Cripmac55,cripmac55,Cripmac55,Kick,Slots & Casino,28,en,172,@SHYLOC and @cripmac55 at @Rayj,2026-09-30T02:31:21Z,True,https://kick.com/cripmac55,121652884,01a0f026-f8a8-79fe-ad6c-17031a259589,2026-10-01 07:07:01,2026-10-01 07:07:01
CryptoCosta,cryptocosta,CryptoCosta,Kick,Slots & Casino,28,en,152,1H 30MIN STAKE SPINNING | GIVEAWAYS | COSTA RICA,2026-09-23T18:52:23Z,,https://kick.com/cryptocosta,85678328,01a0cf9c-9e58-74c4-8a0c-3270926d639c,2026-09-23 18:49:19,2026-09-23 18:55:47
CurvyBuffalo,curvybuffalo,CurvyBuffalo,Kick,Slots & Casino,28,en,32,Hacksaw hunt 2: Return of the saw,2026-10-01T04:01:43Z,True,https://kick.com/curvybuffalo,6267583,01a0f5a0-1058-7764-a94b-20eb393b09a9,2026-10-01 07:07:01,2026-10-01 07:07:01
DAILYGambling,dailygambling,DAILYGambling,Kick,Slots & Casino,28,en,473,"YOU GET TO CONTROL MY $30,000 SESSION! !quest 💰 $100K Given Back MONTHLY! 💎 | $50,000 LEADERBOARD  !discord",2026-09-23T17:54:35Z,,https://kick.com/dailygambling,1392616,01a0cf67-b378-7ab8-8e00-e45c2fbb7f07,2026-09-23 18:49:19,2026-09-23 18:55:47
DANKSTA0420,danksta0420,DANKSTA0420,Kick,Slots & Casino,28,en,54,RESTREAM +MUSIC wit DANKSTA ❗ VERIFICATION PUSH❗    DIRCET SUBS NEEDED ❗LFG CHECK OUT @BUTTABROWNTV,2026-09-29T21:38:31Z,True,https://kick.com/danksta0420,41480481,01a0ef1a-dfd8-72f3-a629-9874e412c1a1,2026-10-01 07:07:01,2026-10-01 07:07:01
DGEN,dgen,DGEN,Kick,Slots & Casino,28,en,288,🚨WHAT A DAY WOW LETS GET SOME PROFIT SURELY🚨 RAW BALANCE STREAMER RTP 🚨 !roo !lb,2026-09-23T18:02:28Z,,https://kick.com/dgen,3426424,01a0cf6e-eb20-7d67-8319-cb8cef9e0c8c,2026-09-23 18:49:19,2026-09-23 18:49:19
DMVDegens,dmvdegens,DMVDegens,Kick,Slots & Casino,28,en,274,$2k Bonus Hunt┃!Stake !Lb ┃NEW DEAL NEW ME ┃On Stake!┃Chasing a Max,2026-09-23T17:30:41Z,,https://kick.com/dmvdegens,25423854,01a0cf51-d1e8-78d3-8a34-c121c94f2394,2026-09-23 18:49:19,2026-09-23 18:49:19
DRUNK_AKADEMIK,drunk_akademik,DRUNK_AKADEMIK,Kick,Slots & Casino,28,ru,35,BC GAME 500$ РОЗЫГРЫШ 500 | Slots стрим,2026-09-23T18:00:06Z,,https://kick.com/drunk-akademik,21117114,01a0cf6c-c070-7cf2-bbbc-1ed9ef7273f0,2026-09-23 18:49:19,2026-09-23 18:55:47
Danisawesom,danisawesom,Danisawesom,Kick,Slots & Casino,28,en,178,ROOBET LETS SEE WHAT THE HYPE IS  | $18k LB ROO + PACKDRAW | 12.5% LB Uncapped | !rewards !discord,2026-10-01T07:04:08Z,True,https://kick.com/danisawesom,43783428,01a0f647-1240-74be-b8e6-3bb66478de16,2026-10-01 07:07:01,2026-10-01 07:07:01
DeadFoool,deadfoool,DeadFoool,Kick,Slots & Casino,28,en,30,💀🤡Huge Announcement Today 💀🤡 |   Rewards/Tips | DEADFOOOL.GG | Skinrave | Clash | Csdrop | +8k in lbs+Rewards  | 18+,2026-09-23T18:33:03Z,,https://kick.com/deadfoool,12905953,01a0cf8a-eb18-721e-89d5-3e2d782f77e8,2026-09-23 18:49:19,2026-09-23 18:55:47
Ded1ce,ded1ce,Ded1ce,Kick,Slots & Casino,28,ru,1195,10 000$ для зрителей t.me/dedice/8266✅ Stake в чат для участия ✅ !Points !Тг,2026-09-23T18:01:42Z,,https://kick.com/ded1ce,397805,01a0cf6e-3770-7beb-bf83-ac48fca6e1a7,2026-09-23 18:49:19,2026-09-23 18:55:47
DianVegas1,dianvegas1,DianVegas1,Kick,Slots & Casino,28,en,12,🔥Live mit Bikedo🔥Turniere und Doppelslots🔥!site🔥,2026-09-23T17:01:12Z,,https://kick.com/dianvegas1,48763321,01a0cf36-d3c0-74cc-8df8-bd7081129b9c,2026-09-23 18:49:19,2026-09-23 18:55:47
Dirty,dirty,Dirty,Kick,Slots & Casino,28,en,109,🍀 GIVE ME CALLS 🍀 NEW $1000 LEADERBOARD 🍀 !gamba,2026-10-01T06:05:37Z,True,https://kick.com/dirty,93997,01a0f611-7f68-709f-a00f-b45a9d78b439,2026-10-01 07:07:01,2026-10-01 07:07:01
Discoboyz,discoboyz,Discoboyz,Kick,Slots & Casino,28,es,192,| @Discoboyz  | Baguncita e coisarada |  NO DEPOSITEN,2026-10-01T02:25:45Z,True,https://kick.com/discoboyz,131695866,01a0f548-3428-7ea0-96bc-7f9f24044ddb,2026-10-01 07:07:01,2026-10-01 07:07:01
DiscordTime,discordtime,DiscordTime,Kick,Slots & Casino,28,ru,15,28 лет играю в казино!,2026-09-23T17:37:54Z,,https://kick.com/discordtime,26385626,01a0cf58-6d50-79ee-b90e-815725d6ceba,2026-09-23 18:49:19,2026-09-23 18:55:47
Dmcjordan,dmcjordan,Dmcjordan,Kick,Slots & Casino,28,ru,418,Заносим максвины и выводим миллиарды ага,2026-10-01T06:19:07Z,True,https://kick.com/dmcjordan,1783322,01a0f61d-db78-711f-a5ca-701c810fd08d,2026-10-01 07:07:01,2026-10-01 07:07:01
Dodepov,dodepov,Dodepov,Kick,Slots & Casino,28,ru,713,МОИ ДРУЗЬЯ - СЛОТЫ,2026-09-23T17:11:05Z,,https://kick.com/dodepov,5560972,01a0cf3f-e028-7646-9f4b-efa7c22f00d1,2026-09-23 18:49:19,2026-09-23 18:55:47
DollTree,dolltree,DollTree,Kick,Slots & Casino,28,pt,0,I'm back from vacation!,2026-09-23T18:47:10Z,,https://kick.com/dolltree,43063973,01a0cf97-d7b0-7229-aaae-f3f4ac61131d,2026-09-23 18:49:19,2026-09-23 18:55:47
DonKasjo,donkasjo,DonKasjo,Kick,Slots & Casino,28,pl,1654,"🥳💰🧨High Roller Turniej🧨💰🥳
18.000 zł🌏NAGRODY🌏🤑😍🤑 DON KASJO--STAKE -  Kasa za Oglądanie, Kasa za Punkty !!!!!!!!",2026-09-23T16:21:22Z,,https://kick.com/donkasjo,57268871,01a0cf12-5bd0-7fad-9f9a-f24ff375e2e7,2026-09-23 18:49:19,2026-09-23 18:55:47
Dpsed,dpsed,Dpsed,Kick,Slots & Casino,28,en,375,🔴 RUNESCAPE GAMBLING IS BACK! $2k START - TIPPING VIEWERS $100 (NOT CLICKBAIT)  FIREBET.GG 🔴!casino !guess,2026-10-01T04:29:54Z,True,https://kick.com/dpsed,126585887,01a0f5b9-ddd0-7e20-b04a-d9099e1d539c,2026-10-01 07:07:01,2026-10-01 07:07:01
DreamWorkerDream,dreamworkerdream,DreamWorkerDream,Kick,Slots & Casino,28,en,227,SCAMSINO stream / DEP 450$ / ХАЛЯВА НОВЕНЬКИМ,2026-09-23T18:29:52Z,,https://kick.com/dreamworkerdream,127979430,01a0cf88-0100-7196-8a19-9aa2e8db66f6,2026-09-23 18:49:19,2026-09-23 18:55:47
Druner86,druner86,Druner86,Kick,Slots & Casino,28,en,206,Chill stream tips on big wins must be active to win,2026-10-01T07:04:19Z,True,https://kick.com/druner86,17105207,01a0f647-3d38-72a5-acaa-cf409ad94e39,2026-10-01 07:07:01,2026-10-01 07:07:01
DruskiDaDon,druskidadon,DruskiDaDon,Kick,Slots & Casino,28,en,437,hi lets gamba,2026-09-23T18:39:19Z,,https://kick.com/druskidadon,6821566,01a0cf90-a7d8-7300-8793-427e8e09ce2a,2026-09-23 18:49:19,2026-09-23 18:55:47
Dsnugs,dsnugs,Dsnugs,Kick,Slots & Casino,28,en,217,"$550 ""SCAM-FREE"" BONUS HUNT!|Sign up Under Code ""Benny"" for $100,000 in Leaderboards Monthly!|💫!stake !site !discord !twitter 💫",2026-09-23T18:12:29Z,,https://kick.com/dsnugs,41146444,01a0cf78-16c8-7dbb-8159-a5e28675f9f1,2026-09-23 18:49:19,2026-09-23 18:55:47
Duhlhp,duhlhp,Duhlhp,Kick,Slots & Casino,28,en,3,free bonus,2026-09-23T15:02:09Z,,https://kick.com/duhlhp,75075995,01a0cec9-d568-7541-ad5c-f745b2efcd9b,2026-09-23 18:49:19,2026-09-23 18:55:47
Durov2,durov2,Durov2,Kick,Slots & Casino,28,ru,5649,ПАВЕЛ ДУРОВ ВЕРНУЛСЯ НА KICK! КОД DUROV ДЛЯ BC GAME TG @DUROV2,2026-09-23T18:29:31Z,,https://kick.com/durov2,73070876,01a0cf87-aef8-7189-99ab-2282493cfc6b,2026-09-23 18:49:19,2026-09-23 18:55:47
Easy_Promises,easy_promises,Easy_Promises,Kick,Slots & Casino,28,ru,202,ПОКЕРОК | БОНУС БАЙ 550$ | ЧЕЛЕНДЖ | ОБНОВЛЕННОЕ ГРАН-ПРИ ЗРИТЕЛЕЙ,2026-09-23T17:06:54Z,,https://kick.com/easy_promises,68174885,01a0cf3c-0bb0-75aa-8643-e31185358ee5,2026-09-23 18:49:19,2026-09-23 18:55:47
EduGambo,edugambo,EduGambo,Kick,Slots & Casino,28,en,6,LIVE ON   !rain !gem  DOING CALLS FOR TIPS! + HELLA BONUS...Use Code: EduGambo,2026-09-23T18:46:15Z,,https://kick.com/edugambo,56459339,01a0cf97-00d8-7209-97f3-b4f045053a43,2026-09-23 18:49:19,2026-09-23 18:55:47
Egor138,egor138,Egor138,Kick,Slots & Casino,28,ru,99,Ловим мины 5кк Stake | Розыгрыши,2026-09-28T05:36:17Z,True,https://kick.com/egor138,110649150,01a0e683-9068-73e3-8c2b-fb64a6a289e0,2026-09-23 18:49:19,2026-10-01 07:07:01
Elgus3t,elgus3t,Elgus3t,Kick,Slots & Casino,28,es,34,1xbet 4 de 10,2026-09-23T18:46:21Z,,https://kick.com/elgus3t,36914740,01a0cf97-1848-73f1-a6ef-aa5e1c31608c,2026-09-23 18:49:19,2026-09-23 18:55:47
Emeheme,emeheme,Emeheme,Kick,Slots & Casino,28,fi,8,|K18| |!arvonta| NAPUTELLAAN PIROTS JA SILLAIN:),2026-09-23T18:24:23Z,,https://kick.com/emeheme,126332166,01a0cf82-fbd8-70d3-95a4-a85611a3a5fd,2026-09-23 18:49:19,2026-09-23 18:55:47
EmrahBaskan,emrahbaskan,EmrahBaskan,Kick,Slots & Casino,28,tr,455,YAYINI VE TELEGRAMI TAKİP ET KAZAN!,2026-09-23T17:31:05Z,,https://kick.com/emrahbaskan,115497132,01a0cf52-2fa8-78e7-aff2-aa97dfc4313d,2026-09-23 18:49:19,2026-09-23 18:55:47
Enjayy,enjayy,Enjayy,Kick,Slots & Casino,28,en,234,LAST ATTEMPT AT BONUS HUNTING.. BIG PROFIT BIG GWS - $5K LB | COMMUNITY 1000XS !deal !stake !discord !site,2026-09-23T16:59:50Z,,https://kick.com/enjayy,1532207,01a0cf35-9370-748d-b6f6-32221c0f3d16,2026-09-23 18:49:19,2026-09-23 18:55:47
EvansVern,evansvern,EvansVern,Kick,Slots & Casino,28,de,636,🔥 ZEIT FÜR REVANCHE! ⚔️ Wir holen uns heute jeden einzelnen Cent zurück 👉 Komm in den Stream & hol dir deinen Loot! 💰🎰,2026-09-23T18:14:21Z,,https://kick.com/evansvern,131129593,01a0cf79-cc48-7f67-b386-5d1001258d55,2026-09-23 18:49:19,2026-09-23 18:55:47
EyupSlots,eyupslots,EyupSlots,Kick,Slots & Casino,28,en,20,2.5K SLOTS! NEW GAMES - !Website for Giveaway @ BC GAME,2026-09-23T17:46:45Z,,https://kick.com/eyupslots,33037724,01a0cf60-8788-799b-ab7d-f91326440cc7,2026-09-23 18:49:19,2026-09-23 18:55:47
FORMELOVEN,formeloven,FORMELOVEN,Kick,Slots & Casino,28,en,16,250K MARTIN !tg,2026-09-23T18:55:55Z,,https://kick.com/formeloven,436475,01a0cf9f-da78-7544-ad31-33975e028f27,2026-09-23 18:55:47,2026-09-23 18:55:47
FacuArgibay,facuargibay,FacuArgibay,Kick,Slots & Casino,28,es,273,PINTO LA NOCTURNA,2026-10-01T05:14:55Z,True,https://kick.com/facuargibay,3322444,01a0f5e3-1498-7ea5-abde-9825a56a6faf,2026-10-01 07:07:01,2026-10-01 07:07:01
FartBarber,fartbarber,FartBarber,Kick,Slots & Casino,28,ru,375,"🔝ДЕП 600$ - 🔝Раздачи кеша + бонусов, топ бонусы за регу в телеге в описании!",2026-10-01T06:22:15Z,True,https://kick.com/fartbarber,744500,01a0f620-b9d8-7146-8d56-1d2e0322e495,2026-10-01 07:07:01,2026-10-01 07:07:01
FearTheBeardd,fearthebeardd,FearTheBeardd,Kick,Slots & Casino,28,en,242,🟢MINI HUNT/SPINNING SLOTS🟢BEST BEARD ON KICK🟢!RAINBET🟢$2500 BI-WEEKLY LB🟢WAGER MILESTONES🟢,2026-09-23T15:42:37Z,,https://kick.com/fearthebeardd,1486902,01a0ceee-e1c8-7971-bbf7-352e98c86908,2026-09-23 18:49:19,2026-09-23 18:55:47
Felipao74,felipao74,Felipao74,Kick,Slots & Casino,28,es,132,HOY GUERRA INSANA POR TIPEO. #ROADTOVERIFICADO 5/10 !dw !wsp !ds !spotify !clip !donacion !audios,2026-10-01T04:24:49Z,True,https://kick.com/felipao74,40752711,01a0f5b5-3668-7bbe-9f11-72f0c689aa7f,2026-10-01 07:07:01,2026-10-01 07:07:01
Flip_Risk,flip_risk,Flip_Risk,Kick,Slots & Casino,28,ru,140,БУРМАЛДОВАЯ БУРМАЛДА 🔥Раздачи для зрителей 🔥 ТГ С ПОДГОНАМИ - t.me/flip_go,2026-10-01T06:25:02Z,True,https://kick.com/flip-risk,47424447,01a0f623-4630-715c-8f71-dbb634904c67,2026-10-01 07:07:01,2026-10-01 07:07:01
Fox_xqzhz8798,fox_xqzhz8798,Fox_xqzhz8798,Kick,Slots & Casino,28,es,1,Hoy 🎰 la suerte viene agresiva 😈,2026-09-23T11:04:54Z,,https://kick.com/fox-xqzhz8798,110505761,01a0cdf0-9ff0-75b6-8403-b047ed51d06e,2026-09-23 18:49:19,2026-09-23 18:55:47
Fragei,fragei,Fragei,Kick,Slots & Casino,28,en,171,5K GW! I battleblox |$1000 lb|  50k GW!! !code !sub I !tts I !TIPS! I TIPPING VIEWERS I (!bloxflip) (!TiP),2026-09-23T17:52:09Z,,https://kick.com/fragei,103055392,01a0cf65-7928-7a50-a3b3-44dfc3d014ba,2026-09-23 18:49:19,2026-09-23 18:55:47
FrankDimes,frankdimes,FrankDimes,Kick,Slots & Casino,28,en,3311,!stake !stake.eu !stake.us USE CODE DIMES,2026-09-23T12:36:51Z,,https://kick.com/frankdimes,4579,01a0ce44-ceb8-794b-ab27-9f3c5c130c2c,2026-09-23 18:49:19,2026-09-23 18:49:19
Friendlies,friendlies,Friendlies,Kick,Slots & Casino,28,en,165,Live On MyPrize! Let's get a cashout!,2026-10-01T06:08:35Z,True,https://kick.com/friendlies,64180265,01a0f614-36b8-72d9-8936-d357f9420858,2026-10-01 07:07:01,2026-10-01 07:07:01
FunnySlots,funnyslots,FunnySlots,Kick,Slots & Casino,28,en,12,"Yo Lets Goo !Stake to play where i play, and lets goo The Best Crypto Casino and Sportsbook <3",2026-09-23T18:18:45Z,,https://kick.com/funnyslots,258516,01a0cf7d-d388-7ffe-acd4-f3ad68c7d8e2,2026-09-23 18:49:19,2026-09-23 18:55:47
Fusion10,fusion10,Fusion10,Kick,Slots & Casino,28,en,1155,21.com ^^,2026-09-23T16:56:05Z,,https://kick.com/fusion10,29340786,01a0cf32-2488-7283-a876-e274369433ef,2026-09-23 18:49:19,2026-09-23 18:55:47
GALIBONUS,galibonus,GALIBONUS,Kick,Slots & Casino,28,pl,157,🎰⭐️ Mocno Ekskluzywne Bonusy & Darmowe Freespiny (Bez Wpłaty) na: www.GALIBONUS.com ⭐️🎰,2026-09-30T02:21:18Z,True,https://kick.com/galibonus,11826903,01a0f01d-c530-7b25-bf7e-9ea96fd2a986,2026-09-23 18:49:19,2026-10-01 07:07:01
GAMBLINGJOHN,gamblingjohn,GAMBLINGJOHN,Kick,Slots & Casino,28,en,7,shuffle,2026-09-23T18:42:09Z,,https://kick.com/gamblingjohn,28873922,01a0cf93-3fe8-719d-be0a-d8eb09ca84d6,2026-09-23 18:49:19,2026-09-23 18:55:47
GaZZGambles,gazzgambles,GaZZGambles,Kick,Slots & Casino,28,en,160,"$300+ IN GIVEAWAYS & CHAT SLOT CALLS | $20,000 LEADERBOARD | Giveaway Every 15 Mins | $350,000+ GIVEN AWAY | !shuffle !twitter !discord !lb",2026-10-01T06:30:11Z,True,https://kick.com/gazzgambles,128685675,01a0f627-fd38-7381-8ec5-dc933ccae3b7,2026-10-01 07:07:01,2026-10-01 07:07:01
GalloDeOro2,gallodeoro2,GalloDeOro2,Kick,Slots & Casino,28,es,2,Probando slots,2026-09-23T18:17:01Z,,https://kick.com/gallodeoro2,78260302,01a0cf7c-3d48-7e59-9cb9-e688268b11d5,2026-09-23 18:49:19,2026-09-23 18:55:47
GamDucks,gamducks,GamDucks,Kick,Slots & Casino,28,en,257,CRAZY PROFIT HUNT INCOMING!  | GAMDUCKS.COM FOR THE MOST OP REWARDS U CAN FIND!!,2026-09-23T14:58:17Z,,https://kick.com/gamducks,199956,01a0cec6-4b28-7610-8645-e3f6192bd520,2026-09-23 18:49:19,2026-09-23 18:55:47
Garryw0lf,garryw0lf,Garryw0lf,Kick,Slots & Casino,28,ru,261,"Vodka bet, Promo: WOLF9 , Ежедневная акция в ТГ в закрепе !TG, !V !tg",2026-09-23T18:26:45Z,,https://kick.com/garryw0lf,52855703,01a0cf85-2688-7fb8-a8d1-ed0f518d2f81,2026-09-23 18:49:19,2026-09-23 18:55:47
Gellemar,gellemar,Gellemar,Kick,Slots & Casino,28,en,713,$29.000 Rainbet start - Doing giveaways and taking chat calls!   !command !X !Raffle !discord,2026-09-23T16:37:17Z,,https://kick.com/gellemar,16322427,01a0cf20-ee48-7016-b506-c51790eeb83b,2026-09-23 18:49:19,2026-09-23 18:55:47
Gena88,gena88,Gena88,Kick,Slots & Casino,28,ru,779,⭐ STAKE ⭐ РЕЙД В TOWER RUN 💵 РОЗЫГРЫШИ 💵 ЛИДЕРБОРД РАЗДАЧА,2026-10-01T07:00:28Z,True,https://kick.com/gena88,2777404,01a0f643-b6e0-727c-903a-84f9cfac4d98,2026-10-01 07:07:01,2026-10-01 07:07:01
GeneralBozza,generalbozza,GeneralBozza,Kick,Slots & Casino,28,en,595,PS5 zu GEWINNEN und 20 SC FOR FREE,2026-09-23T18:04:49Z,,https://kick.com/generalbozza,50647649,01a0cf71-11e8-7c66-a933-833d06be6a36,2026-09-23 18:49:19,2026-09-23 18:55:47
GiorgiSSS,giorgisss,GiorgiSSS,Kick,Slots & Casino,28,tr,288,TEK GERÇEK SLOTRA,2026-09-23T18:04:12Z,,https://kick.com/giorgisss,91124414,01a0cf70-8160-7c42-bb9f-cf65160910d1,2026-09-23 18:49:19,2026-09-23 18:49:19
GomyW,gomyw,GomyW,Kick,Slots & Casino,28,en,0,Gambling addiction is a thrill - bonuses in the description,2026-09-23T18:47:04Z,,https://kick.com/gomyw,63307831,01a0cf97-c040-7408-a315-038e2fa97979,2026-09-23 18:49:19,2026-09-23 18:55:47
Gravichei,gravichei,Gravichei,Kick,Slots & Casino,28,uk,156,ЧАТ ОБИРАЄ СЛОТИ — ПІДПИСНИКАМ КУПУЮ БОНУСКИ 💸GRAVICHEI Show,2026-10-01T04:28:17Z,True,https://kick.com/gravichei,127880780,01a0f5b8-62e8-7bf1-a72c-497e4b424b6e,2026-10-01 07:07:01,2026-10-01 07:07:01
GrayGray,graygray,GrayGray,Kick,Slots & Casino,28,en,925,"live with !talia <3 $150,000 LEADERBOARD, GIVEAWAYS, CHAT CONTROLS SLOTS !SR !new !discord",2026-10-01T03:20:29Z,True,https://kick.com/graygray,53122,01a0f57a-5048-720f-9b36-b3f43bfd2992,2026-10-01 07:07:01,2026-10-01 07:07:01
GretaFishBerg,gretafishberg,GretaFishBerg,Kick,Slots & Casino,28,en,16,1000$ USD RAW START - WIN OR BUST? - Giveaways! Code Tyceno,2026-10-01T06:28:45Z,True,https://kick.com/gretafishberg,122297273,01a0f626-ad48-7181-bfb0-d6264ea71916,2026-10-01 07:07:01,2026-10-01 07:07:01
GriffRewards,griffrewards,GriffRewards,Kick,Slots & Casino,28,en,17,"CSGOGEM 30C FUNDED !GEM - DAILY GIVEAWAYS AND TIPS! (VIEWER CALLS) | $2000 WEEKLY LEADERBOARDS | CODE: ""GRIFF""",2026-09-23T18:51:12Z,,https://kick.com/griffrewards,60981125,01a0cf9b-8900-72c1-88b8-95364ff2aca7,2026-09-23 18:49:19,2026-09-23 18:55:47
GroupP_Slot,groupp_slot,GroupP_Slot,Kick,Slots & Casino,28,en,0,CHASING MAX!!! Group P - Azuchi Castle | Captain Lock MAX HIT ~23 days,2026-09-23T18:46:56Z,,https://kick.com/groupp-slot,124963542,01a0cf97-a100-7221-b7b7-ae04c5ff0875,2026-09-23 18:49:19,2026-09-23 18:55:47
H4TEZZ,h4tezz,H4TEZZ,Kick,Slots & Casino,28,en,2,"Day 2: I'm getting out of poverty, 20k deposit",2026-09-23T18:49:25Z,,https://kick.com/h4tezz,1267,01a0cf99-e708-7460-b086-2f61f5c912a7,2026-09-23 18:49:19,2026-09-23 18:55:47
HabibiBetz,habibibetz,HabibiBetz,Kick,Slots & Casino,28,ar,545,جوائز كل 20 دقيقة🤑 ليدربورد جديد؟| 35 دولار مجانا من بوت التلجرام المثبت | !free / !discord / !leaderboard / !20,2026-09-23T08:06:28Z,,https://kick.com/habibibetz,9522708,01a0cd4d-43a0-702d-984a-81462b997935,2026-09-23 18:49:19,2026-09-23 18:55:47
HaddzyJr,haddzyjr,HaddzyJr,Kick,Slots & Casino,28,en,814,$2000 RAW OPENING - !yeet For VIP Matching & a $5000 Leaderboard - HADDZY.COM,2026-09-23T18:00:49Z,,https://kick.com/haddzyjr,66151,01a0cf6d-6868-7d1c-8f88-19e90619683f,2026-09-23 18:49:19,2026-09-23 18:55:47
Hal_The_Legend,hal_the_legend,Hal_The_Legend,Kick,Slots & Casino,28,en,6,"Slot gods, come help me max! PROMO DROPS |  !CHICKEN --> 1.2K FREE LB | GAMBULLS",2026-09-23T18:54:44Z,,https://kick.com/hal_the_legend,28247627,01a0cf9e-c520-7510-aea8-4b6176b62a72,2026-09-23 18:55:47,2026-09-23 18:55:47
HalfBrotherz,halfbrotherz,HalfBrotherz,Kick,Slots & Casino,28,en,253,CHASING THE MAX WIN on !MINEBIT | GIVEAWAYS,2026-09-23T18:16:44Z,,https://kick.com/halfbrotherz,126020764,01a0cf7b-fae0-7fc1-ba3e-c18b03e5b5c0,2026-09-23 18:49:19,2026-09-23 18:55:47
HappyThoughtsHappySlots,happythoughtshappyslots,HappyThoughtsHappySlots,Kick,Slots & Casino,28,en,233,We're Playing LIVE SLOTS On MyPrize CASINO! YOU WIN When I Win! JOIN My Room!,2026-09-23T17:44:22Z,,https://kick.com/happythoughtshappyslots,37387486,01a0cf5e-58f0-794a-a391-9182a971d88e,2026-09-23 18:49:19,2026-09-23 18:55:47
Harleeey_Queen,harleeey_queen,Harleeey_Queen,Kick,Slots & Casino,28,ru,294,СТРИМЧИК,2026-09-23T17:58:48Z,,https://kick.com/harleeey-queen,57049616,01a0cf6b-8fc0-7b5d-a2f2-463e18a43337,2026-09-23 18:49:19,2026-09-23 18:49:19
HarryJZ,harryjz,HarryJZ,Kick,Slots & Casino,28,en,207,VIEWER CALLS + NEW SITE!,2026-09-23T17:45:37Z,,https://kick.com/harryjz,38576376,01a0cf5f-7de8-7975-9f09-36c50acccb2a,2026-09-23 18:49:19,2026-09-23 18:55:47
HerouTV,heroutv,HerouTV,Kick,Slots & Casino,28,es,332,STREAM CORTITO PORQUE EL VIERNES EXTENSIBLE | DovuX | !ds,2026-10-01T02:02:45Z,True,https://kick.com/heroutv,6377881,01a0f533-2588-79d3-b389-88958fb922ef,2026-10-01 07:07:01,2026-10-01 07:07:01
Hesus3G,hesus3g,Hesus3G,Kick,Slots & Casino,28,ru,1974,ПЫТАЮСЬ ОПЯТЬ ПОДНЯТЬ ЛЯМ,2026-09-23T18:32:39Z,,https://kick.com/hesus3g,77555487,01a0cf8a-8d58-707f-a4e3-0fa2aa7bda53,2026-09-23 18:49:19,2026-09-23 18:55:47
HoodieHeff,hoodieheff,HoodieHeff,Kick,Slots & Casino,28,en,395,🎰 GWS AND I'M GAY 🎰 | 💵 $900 RAW | $10K MONTHLY LEADERBOARD | 10% Lossback | $150 Per $10k Wagered | !stake !leaderboard !discord,2026-10-01T05:43:13Z,True,https://kick.com/hoodieheff,21977452,01a0f5fc-fd68-71d6-97e3-d46d16ba90e2,2026-10-01 07:07:01,2026-10-01 07:07:01
HuneasdOfficial,huneasdofficial,HuneasdOfficial,Kick,Slots & Casino,28,en,71,500€ ADDON HUNT AT 22:00!  - NEW 1000€ !TUHTI COMPETITION!  - New !711 100% non-sticky!,2026-09-23T18:42:43Z,,https://kick.com/huneasdofficial,12704209,01a0cf93-c4b8-7381-a809-1676162b4410,2026-09-23 18:49:19,2026-09-23 18:55:47
Hybrid710,hybrid710,Hybrid710,Kick,Slots & Casino,28,en,147,Rainbet Stream #4 Hybrid x BadPilot Collab RAINBET CODE: HYBRID710,2026-10-01T06:34:35Z,True,https://kick.com/hybrid710,93441466,01a0f62c-0478-73b4-a89b-0931dcdd653f,2026-10-01 07:07:01,2026-10-01 07:07:01
ILIKBONUS,ilikbonus,ILIKBONUS,Kick,Slots & Casino,28,ru,343,ВЕРА В ЗАНОС НИКУДА НЕ ДЕНЕТСЯ!,2026-09-23T18:49:34Z,,https://kick.com/ilikbonus,44405383,01a0cf9a-0a30-7464-825e-9560175c84cb,2026-09-23 18:49:19,2026-09-23 18:55:47
Igorella3456,igorella3456,Igorella3456,Kick,Slots & Casino,28,ru,0,Казино с 0 до ляма,2026-09-23T18:58:01Z,,https://kick.com/igorella3456,81067274,01a0cf6f-25b8-7d76-a5d6-e4fb818cc910,2026-09-23 18:49:19,2026-09-23 18:55:47
ImpressarioCasino,impressariocasino,ImpressarioCasino,Kick,Slots & Casino,28,en,2,⚡ ALEXP ON FIRE - BUY BONUS AND FOLLOWER WIN BIG,2026-09-23T17:52:36Z,,https://kick.com/impressariocasino,99312426,01a0cf65-e2a0-7be5-a493-9da547884975,2026-09-23 18:49:19,2026-09-23 18:55:47
InfoTekAnn,infotekann,InfoTekAnn,Kick,Slots & Casino,28,en,16,Best dodep,2026-09-23T18:55:54Z,,https://kick.com/infotekann,65170617,01a0cf9f-d690-7542-9b81-338be6ae2f9d,2026-09-23 18:55:47,2026-09-23 18:55:47
IronGoddess,irongoddess,IronGoddess,Kick,Slots & Casino,28,en,454,"*Slots Emote Drop while Sleeping* THANK YOU ALL FOR 3 YEARS - Day 38!! Sub = 6 mins Host/follow = 3 mins 
 !burgie !ws !agb !self !wild",2026-09-30T12:32:26Z,True,https://kick.com/irongoddess,17972306,01a0f24d-4790-76f2-87ef-65da35163d4f,2026-10-01 07:07:01,2026-10-01 07:07:01
ItsCrazyLucas,itscrazylucas,ItsCrazyLucas,Kick,Slots & Casino,28,en,384,"$3,000 Raw on STAKE | Giveaways | $15K Leaderboard !discord !stake",2026-09-23T17:57:22Z,,https://kick.com/itscrazylucas,94697153,01a0cf6a-3fd0-7c7a-8bb0-803e1e4861ef,2026-09-23 18:49:19,2026-09-23 18:55:47
ItsMePurge,itsmepurge,ItsMePurge,Kick,Slots & Casino,28,en,2,"🔴MID WEEK SESH WITH THE MAJESTIC BEARD!! - CODE PURGE - RAINBET 🔴 

GAMBLERS PARADISE! 

BEST CASINO - CODE PURGE ON RAINBET.COM",2026-09-23T18:58:34Z,,https://kick.com/itsmepurge,1751385,01a0cfa2-4790-73b5-add5-dfd617b29434,2026-09-23 18:55:47,2026-09-23 18:55:47
IvanPelc,ivanpelc,IvanPelc,Kick,Slots & Casino,28,sr,28,⭐100 000 BONUS HUNT⭐KAD CE MAX WIN?⭐SVAKI STREAM DELIMO LOVU⭐,2026-09-23T17:00:17Z,,https://kick.com/ivanpelc,96203606,01a0cf35-fce8-731d-b25f-3fd3035c13eb,2026-09-23 18:49:19,2026-09-23 18:55:47
IvanTotal,ivantotal,IvanTotal,Kick,Slots & Casino,28,la,9,CASINO O KE,2026-10-01T06:47:21Z,True,https://kick.com/ivantotal,1577572,01a0f637-b4a8-7430-a7f0-7656195dd17a,2026-10-01 07:07:01,2026-10-01 07:07:01
J0K3R7777777,j0k3r7777777,J0K3R7777777,Kick,Slots & Casino,28,ru,272,🔥 STAKE | ДЕПОЗИТ: 225$ 🔥,2026-09-23T17:47:50Z,,https://kick.com/j0k3r7777777,886,01a0cf61-8570-7b3c-9fa7-ab5ed9f0c81f,2026-09-23 18:49:19,2026-09-23 18:55:47
JASONR,jasonr,JASONR,Kick,Slots & Casino,28,en,847,HUGE CS2 UPDATE SECRETS HERE - GET YOUR ADVANTAGE NOW,2026-09-23T14:41:29Z,,https://kick.com/jasonr,54642,01a0ceb6-e9a8-7457-bc81-9152b8f0d317,2026-09-23 18:49:19,2026-09-23 18:55:47
JIRNICAS,jirnicas,JIRNICAS,Kick,Slots & Casino,28,ru,373,ЗАМАЗКА 50K+$🔥 DEP 12000$🔥 ❗️РАЗДАЧА РЕФЕРАЛАМ / 100% ВОЗВРАТ НА ПЕРВЫЙ ДЕП ❗️PARIMATCH,2026-09-23T18:19:16Z,,https://kick.com/jirnicas,22772224,01a0cf7e-4ca0-7013-85a8-9cc2946c0584,2026-09-23 18:49:19,2026-09-23 18:55:47
JJPasak,jjpasak,JJPasak,Kick,Slots & Casino,28,cs,36,KICK❗ GIVEAWAY ❗MULTIACCOUNTI VÍTÁNI  🦜 PAPOUCH COCO 🦜 HACKSAW MAXWIN HUNT 🤯 HERNA U DĚDKA 🤨 STRAŠNĚDLOUHÝTEXTNAKONCIABYTOVYNIKALOVNÁHLE,2026-09-23T17:50:42Z,,https://kick.com/jjpasak,2046087,01a0cf64-2550-7a17-9965-1e44df7dd700,2026-09-23 18:49:19,2026-09-23 18:55:47
JJoUUAA,jjouuaa,JJoUUAA,Kick,Slots & Casino,28,en,146,🎰 LIVE NOW — Big moments loading… 🚀,2026-10-01T07:02:59Z,True,https://kick.com/jjouuaa,123778450,01a0f646-04b8-74b7-aaf9-fa56d6bc8ebd,2026-10-01 07:07:01,2026-10-01 07:07:01
JJojiijj,jjojiijj,JJojiijj,Kick,Slots & Casino,28,ru,4,"Немного казича, и приятное общение с друзьями",2026-09-23T18:48:47Z,,https://kick.com/jjojiijj,57608281,01a0cf99-5298-7269-a941-f47038342715,2026-09-23 18:49:19,2026-09-23 18:55:47
JJuce,jjuce,JJuce,Kick,Slots & Casino,28,en,14,i am a black queen,2026-09-23T18:01:11Z,,https://kick.com/jjuce,27930934,01a0cf6d-be58-7bdd-abef-b4bc13e0b043,2026-09-23 18:49:19,2026-09-23 18:55:47
Jaatsahab,jaatsahab,Jaatsahab,Kick,Slots & Casino,28,en-IN,4,CHILL STREAM WITH GIVEAWAYS TODAY FOR CODE USERS🎁,2026-09-23T18:02:31Z,,https://kick.com/jaatsahab,9953278,01a0cf6e-f6d8-7d6e-bb1e-e37e3eab640f,2026-09-23 18:49:19,2026-09-23 18:55:47
JackPottySlotz,jackpottyslotz,JackPottySlotz,Kick,Slots & Casino,28,en,1,THE $1K HUNT — ANY PROVIDER — ZERO FEAR-YOUR CALLS,2026-09-23T16:49:19Z,,https://kick.com/jackpottyslotz,124134794,01a0cf2b-f298-7320-8bd7-6d0bf8a2ea44,2026-09-23 18:49:19,2026-09-23 18:55:47
JakeyGamblez,jakeygamblez,JakeyGamblez,Kick,Slots & Casino,28,en,213,$1250 Gamba,2026-09-23T18:19:29Z,,https://kick.com/jakeygamblez,73920685,01a0cf7e-7f68-7eb2-8579-6bb04f8ec23e,2026-09-23 18:49:19,2026-09-23 18:55:47
Jamie,jamie,Jamie,Kick,Slots & Casino,28,en,206,Leaderboard hunt and freestyle !stake !leaderboard !website !store,2026-10-01T07:06:03Z,True,https://kick.com/jamie,423382,01a0f648-d378-72b5-bdf9-0b9ac65ce22a,2026-10-01 07:07:01,2026-10-01 07:07:01
JayDrifty,jaydrifty,JayDrifty,Kick,Slots & Casino,28,en,15,"🌧️ $2000 START ON RAINBET - $15,000 LEADERBOARD 💰 !RAINBET !LEADERBOARD",2026-10-01T06:29:44Z,True,https://kick.com/jaydrifty,129828192,01a0f627-93c0-7187-99e0-b727ffb4236a,2026-10-01 07:07:01,2026-10-01 07:07:01
Jenyss,jenyss,Jenyss,Kick,Slots & Casino,28,cs,370,🏕️ ROMA CAMP DÍL: 5🧑🏿‍🦲| 😂 JAK POTROLIT NOVBYHO | 🎰 19:30 TOČKY U TOKYA S LUKYM 👾 | 🎮: DAWNWALKER 🧛🏼‍♂️ / WOLVERINE 🐺 | !sub !tip,2026-09-23T16:34:59Z,,https://kick.com/jenyss,33040583,01a0cf1e-d338-7fcd-a9d0-9afaf7b29651,2026-09-23 18:49:19,2026-09-23 18:55:47
JessicaaAce,jessicaaace,JessicaaAce,Kick,Slots & Casino,28,en,10,I’M TRUSTING THE VIBES TONIGHT,2026-09-23T18:05:59Z,,https://kick.com/jessicaaace,98860220,01a0cf72-2358-7c9e-a777-d092a1aa6922,2026-09-23 18:49:19,2026-09-23 18:55:47
JetbetUS,jetbetus,JetbetUS,Kick,Slots & Casino,28,ru,1185,BETERA Endorphina и не только!,2026-09-23T16:57:54Z,,https://kick.com/jetbetus,61270044,01a0cf33-ce50-72c1-9e17-6572c579f015,2026-09-23 18:49:19,2026-09-23 18:49:19
JohnnieSlots,johnnieslots,JohnnieSlots,Kick,Slots & Casino,28,en,23,"(18+) €4000 BONUSHUNT! HUGE ANNOUNCEMENT, BIGGEST GIVEAWAY SO FAR!! <3 - !discord",2026-09-23T17:23:59Z,,https://kick.com/johnnieslots,98184470,01a0cf4b-af98-7673-b762-3635b40ab6e6,2026-09-23 18:49:19,2026-09-23 18:55:47
JoshBuzz,joshbuzz,JoshBuzz,Kick,Slots & Casino,28,en,214,BIG BONUS HUNTINGGGG,2026-09-23T17:15:38Z,,https://kick.com/joshbuzz,49794745,01a0cf44-0a90-76d6-a39b-af9badbe974a,2026-09-23 18:49:19,2026-09-23 18:55:47
Jro28,jro28,Jro28,Kick,Slots & Casino,28,en,163,"🔥$300 RAW on !shuffle🔥. Revenge Story
💰Giveaways IF PROFIT💰",2026-10-01T06:43:14Z,True,https://kick.com/jro28,24813480,01a0f633-efd0-7402-b70b-1254d1d48222,2026-10-01 07:07:01,2026-10-01 07:07:01
Juniior66,juniior66,Juniior66,Kick,Slots & Casino,28,es,12,!TTS para mandar Audios!🔴!ROOBET DALE CHEE!!🔴Chuchuneta Presente! 🏆 !wp,2026-09-23T18:06:06Z,,https://kick.com/juniior66,576007,01a0cf72-3eb0-7e08-a810-0e5bd2983f81,2026-09-23 18:49:19,2026-09-23 18:55:47
JustTroyy,justtroyy,JustTroyy,Kick,Slots & Casino,28,en,10,Time to get flippy !gamba,2026-09-23T17:01:30Z,,https://kick.com/justtroyy,1143794,01a0cf37-1a10-74db-8df1-31879091365f,2026-09-23 18:49:19,2026-09-23 18:55:47
KGytb,kgytb,KGytb,Kick,Slots & Casino,28,en,25,"💎 TIPPINGS VIEWERS, JOIN US 💎 +15.000$ WAGER RACE 💸 !website !discord !shuffle !csdrop !empire !blockbet !betfury",2026-09-23T18:20:44Z,,https://kick.com/kgytb,245369,01a0cf7f-a460-7047-9ef1-0c748d7d75e5,2026-09-23 18:49:19,2026-09-23 18:55:47
KL1MOY,kl1moy,KL1MOY,Kick,Slots & Casino,28,pt,0,❤️Arrasando nos Caça-Níqueis| BETFURY|❤️,2026-09-23T18:48:55Z,,https://kick.com/kl1moy,96445957,01a0cf99-71d8-726b-8579-108073e2cc70,2026-09-23 18:49:19,2026-09-23 18:55:47
KOPA777,kopa777,KOPA777,Kick,Slots & Casino,28,ru,187,ИЩИМ БЕКИНГ НА СЕГОДНЯШНИЙ ЗАНОС CABURA!,2026-09-23T18:13:36Z,,https://kick.com/kopa777,536986,01a0cf79-1c80-7f4e-aee5-753005aca002,2026-09-23 18:49:19,2026-09-23 18:55:47
KUDLATYo_o,kudlatyo_o,KUDLATYo_o,Kick,Slots & Casino,28,pl,17,ROZDAJE SKINY DO CS2 ZA FRYTE 😁 Wbijaj Pograć i Pogadać w cs2,2026-09-23T18:55:33Z,,https://kick.com/kudlatyo-o,84537615,01a0cf9f-8488-7350-8b84-666060ec4ce5,2026-09-23 18:55:47,2026-09-23 18:55:47
KURTVanovcki,kurtvanovcki,KURTVanovcki,Kick,Slots & Casino,28,en,289,LIVE RISK +!8,2026-09-23T18:51:17Z,,https://kick.com/kurtvanovcki,69573282,01a0cf9b-9c88-749f-ac99-21a4ee9ff3ef,2026-09-23 18:49:19,2026-09-23 18:55:47
KYRZA,kyrza,KYRZA,Kick,Slots & Casino,28,ru,8308,ОТМАЗЫВАЕМ ДОЛГИ!,2026-09-23T18:37:13Z,,https://kick.com/kyrza,1905274,01a0cf8e-bba8-7107-a91f-d14cc68f7c8d,2026-09-23 18:49:19,2026-09-23 18:55:47
KaedenLive,kaedenlive,KaedenLive,Kick,Slots & Casino,28,de,637,🧨 GEISTESKRANKES BONUS OPENING! 💥 Wir haben gottlos gesammelt für den Mega-Print ➡️ Gönn dir direkt die Beute! 💸🎰,2026-09-23T18:28:11Z,,https://kick.com/kaedenlive,131131125,01a0cf86-7678-7fec-8304-bfbf904047b2,2026-09-23 18:49:19,2026-09-23 18:55:47
KamilKosaTv,kamilkosatv,KamilKosaTv,Kick,Slots & Casino,28,en,287,"5$ EVERY 15 MINUTES !minebit !csgoskins 
 !dc !bonus",2026-09-23T17:33:43Z,,https://kick.com/kamilkosatv,100788024,01a0cf54-98d8-7954-8a20-014e89076a6d,2026-09-23 18:49:19,2026-09-23 18:49:19
KickFather,kickfather,KickFather,Kick,Slots & Casino,28,ru,202,бам бум,2026-09-23T17:20:59Z,,https://kick.com/kickfather,69467201,01a0cf48-f078-760a-9684-2fdb67c9b3fa,2026-09-23 18:49:19,2026-09-23 18:55:47
Kid_Droga,kid_droga,Kid_Droga,Kick,Slots & Casino,28,es,0,A,2026-09-23T18:58:46Z,,https://kick.com/kid-droga,129096288,01a0cfa2-7670-75ab-b975-cbbe5d0a1d6a,2026-09-23 18:55:47,2026-09-23 18:55:47
King_Violence,king_violence,King_Violence,Kick,Slots & Casino,28,en,18,we broke Wednesday KING OF THE DE-GENS  #stayhumble,2026-09-23T15:37:53Z,,https://kick.com/king_violence,1151117,01a0ceea-8c68-78eb-9e6d-c56076875179,2026-09-23 18:49:19,2026-09-23 18:55:47
Klizort,klizort,Klizort,Kick,Slots & Casino,28,ru,2,ищу на додеп бекера я в тильте,2026-09-23T17:46:44Z,,https://kick.com/klizort,117541004,01a0cf60-83a0-799d-ae38-3bbf44fd03cd,2026-09-23 18:49:19,2026-09-23 18:55:47
KokeLive,kokelive,KokeLive,Kick,Slots & Casino,28,es,170,NOCHE DE DINAMICA POR PLATA!!! - EL STREAM MAS DIVERTIDO DE LA NOCHE | START USD 500 - Roobet Casino - Leaderboard 500 USD,2026-10-01T06:40:07Z,True,https://kick.com/kokelive,35712197,01a0f631-1558-73e3-bf1b-02d8745e16cd,2026-10-01 07:07:01,2026-10-01 07:07:01
Korvina,korvina,Korvina,Kick,Slots & Casino,28,en,29,💙 FR GIVEAWAY IN EVERY 15 MIN / On 1500 Followers we got another giveaway!!!🎉🎉🎉  💙 !Discord !Enter MYBC Giveaway,2026-09-23T18:00:12Z,,https://kick.com/korvina,119833583,01a0cf6c-d7e0-7cfb-b50b-2173a3cc749e,2026-09-23 18:49:19,2026-09-23 18:55:47
Kranzzofficial,kranzzofficial,Kranzzofficial,Kick,Slots & Casino,28,en,443,"last day before little vacation, lets win many dollars so we can buy beer.",2026-10-01T06:00:35Z,True,https://kick.com/kranzzofficial,16785667,01a0f60c-e3b8-7073-a968-2aa04cfe228b,2026-10-01 07:07:01,2026-10-01 07:07:01
Kuang,kuang,Kuang,Kick,Slots & Casino,28,en,225,I NEED THE FATTEST MAX WIN NOW! RAW BALANCE | !stake !rollward,2026-09-23T17:39:18Z,,https://kick.com/kuang,17149,01a0cf59-b570-7a15-b20f-cfe5d3d8f251,2026-09-23 18:49:19,2026-09-23 18:55:47
Kumbata,kumbata,Kumbata,Kick,Slots & Casino,28,bg,1021,ЩЕ ЛИ? (HD),2026-09-23T18:30:37Z,,https://kick.com/kumbata,31808253,01a0cf88-b0c8-703d-8fd8-e84a62d19565,2026-09-23 18:49:19,2026-09-23 18:55:47
LORDJohnnySlots,lordjohnnyslots,LORDJohnnySlots,Kick,Slots & Casino,28,en,335,BATTLEBlox-all hail THE WHEEL!,2026-10-01T04:22:58Z,True,https://kick.com/lordjohnnyslots,5462315,01a0f5b3-84d0-7da9-84fe-6cc99270a948,2026-10-01 07:07:01,2026-10-01 07:07:01
LabeIfoxx,labeifoxx,LabeIfoxx,Kick,Slots & Casino,28,en,17,😻 Waifu❤️‍🔥 Slots😚 #brainrot #lewd #gamble #gooning demo02 mode,2026-09-30T12:06:19Z,True,https://kick.com/labeifoxx,96279595,01a0f235-5e78-76f5-95de-07f34933ed5d,2026-09-23 18:49:19,2026-10-01 07:07:01
LadyLotus,ladylotus,LadyLotus,Kick,Slots & Casino,28,en,273,❤️Max Win Loading... sometime.. xd! Giveaways!! Code LadyLotus on Stake!!!❤️ Hammer Me Daddy! ❤️!Stake❤️!Site❤️!Disc❤️ !LadyLotus,2026-09-23T15:42:31Z,,https://kick.com/ladylotus,50003,01a0ceee-ca58-796d-b49b-984c2030a197,2026-09-23 18:49:19,2026-09-23 18:55:47
LamaGbets,lamagbets,LamaGbets,Kick,Slots & Casino,28,en,2,LIVE ON RUSTYWAGERS RN $250 LB UP RN !LB !RUSTYWAGER,2026-09-23T18:39:37Z,,https://kick.com/lamagbets,89623642,01a0cf90-ee28-730c-85b0-c3125e405b65,2026-09-23 18:49:19,2026-09-23 18:49:19
Lance,lance,Lance,Kick,Slots & Casino,28,en,598,"CAN I PLEASE WIN TODAY | $150,000 LEADERBOARD 🏆15% LOSSBACK 🏆",2026-09-23T17:47:17Z,,https://kick.com/lance,876090,01a0cf61-0488-79ac-bc33-b22e6793b325,2026-09-23 18:49:19,2026-09-23 18:55:47
LeoTrue_e,leotrue_e,LeoTrue_e,Kick,Slots & Casino,28,en,374,CS2 - tg!,2026-09-23T17:44:01Z,,https://kick.com/leotrue-e,60454603,01a0cf5e-06e8-7940-85ed-0105b7ef41aa,2026-09-23 18:49:19,2026-09-23 18:55:47
Lobanjica,lobanjica,Lobanjica,Kick,Slots & Casino,28,en,499,"$2000 WEEKLY FOR CHAT & $100 FOR EVERY GOOD CALL | CLAIM $65,000+ IN REWARDS ON MY !SITE | !rainbet !rain !luxdrop",2026-09-23T16:28:57Z,,https://kick.com/lobanjica,16819866,01a0cf19-4d28-7efb-b51e-0f5594cfac7f,2026-09-23 18:49:19,2026-09-23 18:55:47
Loliess,loliess,Loliess,Kick,Slots & Casino,28,en-IN,7,🚀 GOING BIG ON Kweake! 💸 STARTING  JOIN DISCORD FOR SLOT CALLS ! 🎁 !join,2026-09-23T17:24:42Z,,https://kick.com/loliess,1599894,01a0cf4c-5790-768b-b4f4-23448c04e8ba,2026-09-23 18:49:19,2026-09-23 18:49:19
Louiex,louiex,Louiex,Kick,Slots & Casino,28,en,375,Thailand | Sign up to DegenCity Code louiex - 5K Leaderboard + a free $25 sign up bonus !lb !degen,2026-10-01T06:38:40Z,True,https://kick.com/louiex,140567,01a0f62f-c180-73d3-9475-2614a5feb8a1,2026-10-01 07:07:01,2026-10-01 07:07:01
LoxxeeGambles,loxxeegambles,LoxxeeGambles,Kick,Slots & Casino,28,en,5,RAINBET 🌧️ |Botrix GIVEAWAY | 1000 USD Start💰| BONUS HUNT | TIPS FOR CALLS | SLOT CALLS | !rainbet| !dc | !web | MAKING MILLIONS TODAY,2026-09-23T18:41:04Z,,https://kick.com/loxxeegambles,122794520,01a0cf92-4200-7344-8fec-73c9091fe5c4,2026-09-23 18:49:19,2026-09-23 18:55:47
LuckyLatvian,luckylatvian,LuckyLatvian,Kick,Slots & Casino,28,lv,32,Lucky Latvian | Benchiks GAMBA Slotoro 🔥,2026-09-23T18:00:10Z,,https://kick.com/luckylatvian,8266750,01a0cf6c-d010-7cf8-b76b-f81c7fd2c1b0,2026-09-23 18:49:19,2026-09-23 18:55:47
LuckyTobin,luckytobin,LuckyTobin,Kick,Slots & Casino,28,en,12,"🍀 LUCK OF THE TOBIN | $2,000 RAW RUN | $2000 Weekly LB | !stake",2026-10-01T06:27:08Z,True,https://kick.com/luckytobin,96011594,01a0f625-3260-736a-b873-12fb8b1386e0,2026-10-01 07:07:01,2026-10-01 07:07:01
Luddze,luddze,Luddze,Kick,Slots & Casino,28,en,326,TOURNAMENT FOR MY TOP 8 PLAYERS 💎GET UP TO 30% LOSSBACK ON !JACK 💰 RAW BALANCE ALWAYS! 💸 18+ | !Lossback | !Bonus | !Giveaway | !VIP,2026-09-23T18:40:25Z,,https://kick.com/luddze,65310054,01a0cf91-a9a8-715e-a4ab-caea7cc6f942,2026-09-23 18:49:19,2026-09-23 18:55:47
Ludo_braun,ludo_braun,Ludo_braun,Kick,Slots & Casino,28,ru,259,Деп 70к! Играем по крупному,2026-09-23T18:00:32Z,,https://kick.com/ludo-braun,41130673,01a0cf6d-2600-7bba-8ff6-e07b426528c8,2026-09-23 18:49:19,2026-09-23 18:55:47
Luke0tt,luke0tt,Luke0tt,Kick,Slots & Casino,28,en,263,!Rainbet - 5000$ LB RESET - GIVEAWAY !discord !sub !LB,2026-09-23T18:00:17Z,,https://kick.com/luke0tt,102497573,01a0cf6c-eb68-7cfe-81b1-7094b723a4b8,2026-09-23 18:49:19,2026-09-23 18:55:47
Luuucila,luuucila,Luuucila,Kick,Slots & Casino,28,es,352,"STREAM PIJAMA , RAW Y TIPEOS  -$50 DOLARES DIARIOS  - SUBS DEL DIA 3/3 | !skinclub !links !ig !telegram !ds !yt !wpp !links",2026-10-01T03:09:39Z,True,https://kick.com/luuucila,9811973,01a0f570-6538-70fe-964d-13699996f303,2026-10-01 07:07:01,2026-10-01 07:07:01
LuxXx779,luxxx779,LuxXx779,Kick,Slots & Casino,28,ru,3,депозит 400к продолжение лудоприключений,2026-09-23T18:16:54Z,,https://kick.com/luxxx779,130613303,01a0cf7c-21f0-7e52-857e-dd6603881601,2026-09-23 18:49:19,2026-09-23 18:55:47
LyonKS23,lyonks23,LyonKS23,Kick,Slots & Casino,28,es,140,🔴 De 100K a 1000K 😅 💀 | FARMEO + CHAT 💎🔥💸🎰,2026-10-01T04:01:19Z,True,https://kick.com/lyonks23,62884342,01a0f59f-b298-7576-928c-ef767ed2128f,2026-10-01 07:07:01,2026-10-01 07:07:01
MAK_TPAXEP777,mak_tpaxep777,MAK_TPAXEP777,Kick,Slots & Casino,28,en,34,"The stream is unexpected, dad is here",2026-09-23T18:54:15Z,,https://kick.com/mak-tpaxep777,85852380,01a0cf9e-53d8-731f-8772-f1cfb6a4591d,2026-09-23 18:55:47,2026-09-23 18:55:47
MM1324,mm1324,MM1324,Kick,Slots & Casino,28,cs,226,🎰 HERNA U DĚDKA 🎰 🎲 STŘEDA ?! MAX WIN JE TŘEBA !? 🎲 📣 POKEC 📣,2026-09-23T18:05:29Z,,https://kick.com/mm1324,63251901,01a0cf71-ae28-7c8b-a841-711e20bda2f9,2026-09-23 18:49:19,2026-09-23 18:55:47
MNOGOSW4GA,mnogosw4ga,MNOGOSW4GA,Kick,Slots & Casino,28,ru,499,"СВЭГ? Нет, не слышали",2026-09-23T17:32:07Z,,https://kick.com/mnogosw4ga,105406502,01a0cf53-21d8-77a1-b041-1cb26d270271,2026-09-23 18:49:19,2026-09-23 18:55:47
Maherco,maherco,Maherco,Kick,Slots & Casino,28,ar,33719,اليوم الثالث من الساباثون (رحلة من المانيا الى مالطا) 🚘,2026-09-22T16:51:19Z,,https://kick.com/maherco,12616473,01a0ca07-6b58-7697-8f61-f33434cc4cca,2026-09-23 18:49:19,2026-09-23 18:55:47
MaltaBoyz,maltaboyz,MaltaBoyz,Kick,Slots & Casino,28,pl,273,"🇲🇹 KASYNOWE RODEO, SUB KOŁO, TTS !strona !kasyno !dc",2026-09-23T18:33:48Z,,https://kick.com/maltaboyz,85573133,01a0cf8b-9ae0-7239-88c8-986988727d77,2026-09-23 18:49:19,2026-09-23 18:55:47
Mangesh_Gaming,mangesh_gaming,Mangesh_Gaming,Kick,Slots & Casino,28,en-IN,143,🔴Letss do slots chase  Until We hit some thing big🔴 | 🔴Daily  giveaways🔴 | Stake Winning Big #stake #Stakemine,2026-10-01T06:18:36Z,True,https://kick.com/mangesh-gaming,49316873,01a0f61d-6260-7324-ae30-d87b3e956895,2026-10-01 07:07:01,2026-10-01 07:07:01
Mantaso,mantaso,Mantaso,Kick,Slots & Casino,28,en,221,🔥 NEW SPONSOR - 3x Call = TIP 💰 | !stake !clash !skinrave !rain !discord !lb,2026-09-23T16:58:36Z,,https://kick.com/mantaso,19590148,01a0cf34-7260-72dd-a403-1dc189fb3d7f,2026-09-23 18:49:19,2026-09-23 18:55:47
MarkXxL,markxxl,MarkXxL,Kick,Slots & Casino,28,sr,350,MINIMUM KOCKANJA!🎰 BETPANDA! DELIMO PARE TOKOM STRIMA!💰 KEYWORD🗝️: CASH 💸 ZA VISE ℹ️ UPADAJTE!🪂 ENG/BALK🎙️,2026-09-23T17:07:21Z,,https://kick.com/markxxl,15336488,01a0cf3c-7528-75b7-8486-f6855bbcf95a,2026-09-23 18:49:19,2026-09-23 18:55:47
Marklnwza007,marklnwza007,Marklnwza007,Kick,Slots & Casino,28,th,147,สาดไปปาราซิก,2026-10-01T06:02:49Z,True,https://kick.com/marklnwza007,125400472,01a0f60e-ef28-72a0-a0c0-4cc05b3f4a00,2026-10-01 07:07:01,2026-10-01 07:07:01
MartinoWEST,martinowest,MartinoWEST,Kick,Slots & Casino,28,es,223,VENI YA!!! slots en vivo pa//// !casino,2026-10-01T07:02:57Z,True,https://kick.com/martinowest,61977234,01a0f645-fce8-74b6-ae27-6868d9a05a6e,2026-10-01 07:07:01,2026-10-01 07:07:01
MattySpinss,mattyspinss,MattySpinss,Kick,Slots & Casino,28,en,17,Bonus Bingo Day!  $1500 LEADER BOARD! + Stream Giveaways,2026-09-23T17:53:40Z,,https://kick.com/mattyspinss,87944781,01a0cf66-dca0-7c00-bb1a-2fbeb78c86eb,2026-09-23 18:49:19,2026-09-23 18:55:47
MaurooAkd,maurooakd,MaurooAkd,Kick,Slots & Casino,28,es,200,TIPEO PARA NUEVOS$$. PAGINA DE PUNTOS ACTIVA . ?/28 RECOMPENSAS| !ig !ds !fc26 !irl !7tv !puntos !tienda !casino,2026-10-01T06:22:05Z,True,https://kick.com/maurooakd,20219050,01a0f620-92c8-7146-96ae-e9e4f147b4c9,2026-10-01 07:07:01,2026-10-01 07:07:01
MaxiNho2,maxinho2,MaxiNho2,Kick,Slots & Casino,28,es,144,timbeando un ratito pasen plata al alias fijadon para aumentar la ludopatia,2026-10-01T03:40:54Z,True,https://kick.com/maxinho2,35641278,01a0f58d-0170-73ed-a254-b246a8297ca8,2026-10-01 07:07:01,2026-10-01 07:07:01
MayorMcBlunts,mayormcblunts,MayorMcBlunts,Kick,Slots & Casino,28,en,26,bing bong,2026-10-01T04:55:35Z,True,https://kick.com/mayormcblunts,516959,01a0f5d1-6158-7f7d-8df6-24a9a052dd2b,2026-10-01 07:07:01,2026-10-01 07:07:01
Meluhdy,meluhdy,Meluhdy,Kick,Slots & Casino,28,en,276,"🔴 VIEWERS SPEND MY BALANCE! | $10,000+ WEEKLY REWARDS | MELUHDY.COM | !RAIN !CSGOGEM !GAMBA !CHICKEN !CSGOBIG !CSGOWIN",2026-09-23T17:49:54Z,,https://kick.com/meluhdy,41701,01a0cf63-69d0-79fe-8ff3-da4facdaf1cc,2026-09-23 18:49:19,2026-09-23 18:55:47
MemeGambles,memegambles,MemeGambles,Kick,Slots & Casino,28,en,5,"CALL ME BIG WIN OR BIG WINNER • CODE ""MEME"" • MEMEREWARDS.GG • GIVEAWAYS & FREE BATTLES  [EN/PT]",2026-09-23T17:43:33Z,,https://kick.com/memegambles,47242808,01a0cf5d-9988-7935-a3d5-721cb495d4fc,2026-09-23 18:49:19,2026-09-23 18:55:47
Metaspins_Casino,metaspins_casino,Metaspins_Casino,Kick,Slots & Casino,28,en,14,METASPINS OFFICIAL STREAM | SLOTS & GIVEAWAYS | !site,2026-09-23T18:34:03Z,,https://kick.com/metaspins-casino,69453482,01a0cf8b-d578-7243-9fd3-ae1828260daf,2026-09-23 18:49:19,2026-09-23 18:55:47
Mihulio,mihulio,Mihulio,Kick,Slots & Casino,28,ru,1,деп 30к. розыгрыши для рефералов!,2026-09-23T18:49:03Z,,https://kick.com/mihulio,68158044,01a0cf99-9118-744e-8069-ae6e1a642cc2,2026-09-23 18:49:19,2026-09-23 18:55:47
Misha_Saikov,misha_saikov,Misha_Saikov,Kick,Slots & Casino,28,ru,15,БЕЛБЕТ 13!!! ИДЕМ К ЦЕЛИ В 3000BYN!!!,2026-09-23T17:59:24Z,,https://kick.com/misha-saikov,56466970,01a0cf6c-1c60-7ccc-b280-45a55fc3c265,2026-09-23 18:49:19,2026-09-23 18:55:47
MitchSpins,mitchspins,MitchSpins,Kick,Slots & Casino,28,en,6,Slots And Blackjack,2026-09-23T18:48:12Z,,https://kick.com/mitchspins,120612206,01a0cf98-c9e0-724d-bc1a-ee8bb075bc30,2026-09-23 18:49:19,2026-09-23 18:55:47
Miwaldo,miwaldo,Miwaldo,Kick,Slots & Casino,28,cs,7,🔥CSKA NA PREMIERU 30K🔥FREE SKINY A EURA DO HER!! JEN KOUKEJ 🔥!freeskin !points,2026-09-23T16:13:25Z,,https://kick.com/miwaldo,91195259,01a0cf0b-1488-7ec1-87b2-1b3349d53a2a,2026-09-23 18:55:47,2026-09-23 18:55:47
Molakralofficial,molakralofficial,Molakralofficial,Kick,Slots & Casino,28,tr,220,🔴 CANLI 💥23.09.2026 Bonushunt Acilimi... Canli yayini.!,2026-09-23T17:33:17Z,,https://kick.com/molakralofficial,7763,01a0cf54-3348-77cb-b1b0-d33cde04c86c,2026-09-23 18:49:19,2026-09-23 18:55:47
Momxxx,momxxx,Momxxx,Kick,Slots & Casino,28,en,0,ROAD TO $1 Million | Day 2 of 90,2026-09-23T18:47:54Z,,https://kick.com/momxxx,88191804,01a0cf98-8390-742e-9a75-4ee044cf3736,2026-09-23 18:49:19,2026-09-23 18:49:19
Montana_Slots,montana_slots,Montana_Slots,Kick,Slots & Casino,28,en,549,🤍stake lady $4000 | quick bonus hunt / buys !stake,2026-09-23T18:48:48Z,,https://kick.com/montana-slots,67568249,01a0cf99-5680-7264-8c7f-cb4d8fedae0f,2026-09-23 18:49:19,2026-09-23 18:55:47
MountainLIVE,mountainlive,MountainLIVE,Kick,Slots & Casino,28,en,53,"🔴VIEWER CALLS AND REWARDS | !discord | CODE ""PEAK""",2026-09-23T18:52:02Z,,https://kick.com/mountainlive,45179444,01a0cf9c-4c50-74b4-b704-e8886d1bcfed,2026-09-23 18:49:19,2026-09-23 18:55:47
MrCleanTv,mrcleantv,MrCleanTv,Kick,Slots & Casino,28,en,478,🔥Tips For Calls | FREE $5 SC & 100% Depo Match !myprize,2026-09-23T16:44:48Z,,https://kick.com/mrcleantv,13081,01a0cf27-d000-7290-ace7-5f19a94cde40,2026-09-23 18:49:19,2026-09-23 18:55:47
MrGamblez,mrgamblez,MrGamblez,Kick,Slots & Casino,28,en,336,Max Win Please!? hunting Huge Wins | $1500 Depo! | Stake Code: MRG Free $21,2026-10-01T06:02:50Z,True,https://kick.com/mrgamblez,34846163,01a0f60e-f310-72a4-a1d7-84bb23e1c324,2026-10-01 07:07:01,2026-10-01 07:07:01
Musclemilkdaddy,musclemilkdaddy,Musclemilkdaddy,Kick,Slots & Casino,28,en,292,$5 Free SC with Link 🥛 New Signups entered into $100 raffle| MMD AFTER DARK 😈 | EVERY 200x+ GETS TIPPED 💰 | WE’RE GOING LATE 🌙,2026-10-01T02:57:33Z,True,https://kick.com/musclemilkdaddy,9717220,01a0f565-5148-7fcc-8251-05e2aad7a3b7,2026-10-01 07:07:01,2026-10-01 07:07:01
NASTYy44,nastyy44,NASTYy44,Kick,Slots & Casino,28,ru,13,Кешбек всем до 5.000р 💋 !ролл на бонуску 💋 120к 💋 !РОЛЛ !кешбек !leon,2026-09-29T19:22:36Z,True,https://kick.com/nastyy44,127065298,01a0ee9e-7060-74f7-b836-3b4b6f2efac8,2026-09-23 18:49:19,2026-10-01 07:07:01
NEDRA_BONUS,nedra_bonus,NEDRA_BONUS,Kick,Slots & Casino,28,ru,4,Dragon Money - 2$ после регистрации - Cегодня ваши ЧУЙКи ИЗ ЧАТА | !tg | ВСЕ ССЫЛКИ НА КАЗИНО В ОПИСАНИИ,2026-09-23T18:14:18Z,,https://kick.com/nedra-bonus,17448790,01a0cf79-c090-7f68-a238-4af55d96e35a,2026-09-23 18:49:19,2026-09-23 18:55:47
NICK3L,nick3l,NICK3L,Kick,Slots & Casino,28,en,414,🔹$1000 STAKE RAW GAMBA🔹!chat !stake !discord,2026-09-23T17:45:23Z,,https://kick.com/nick3l,15777046,01a0cf5f-4738-7970-9d2b-abe61ffcb7a0,2026-09-23 18:49:19,2026-09-23 18:55:47
Nelsotorius,nelsotorius,Nelsotorius,Kick,Slots & Casino,28,es,144,"TIPEOS 5K !CASINO !1WIN
CODIGO:NELSOTORIUS",2026-10-01T04:43:36Z,True,https://kick.com/nelsotorius,2774807,01a0f5c6-68c0-7cdc-ba1e-2074b21f8951,2026-10-01 07:07:01,2026-10-01 07:07:01
NeonBets,neonbets,NeonBets,Kick,Slots & Casino,28,en,11,"$1,000 Raw Starting | $5,000 LB | !lb !discord | NeonBets",2026-10-01T06:27:51Z,True,https://kick.com/neonbets,99552371,01a0f625-da58-736f-8928-b89c7de18a31,2026-10-01 07:07:01,2026-10-01 07:07:01
Nigxoo,nigxoo,Nigxoo,Kick,Slots & Casino,28,en,75,YOUR FAV LOSER IS LIVE  YAYY !CASTLE !CHICKEN,2026-10-01T06:39:39Z,True,https://kick.com/nigxoo,18911819,01a0f630-a7f8-73df-a53d-700e54ec711d,2026-10-01 07:07:01,2026-10-01 07:07:01
NikPok,nikpok,NikPok,Kick,Slots & Casino,28,el,3,"$20,000 BALANCE EPIDI MBORO  | CHILLING | ROAD TO 100K | !offers | S3 E17",2026-09-23T13:59:25Z,,https://kick.com/nikpok,551834,01a0ce90-6648-70b4-a245-295e66de76af,2026-09-23 18:49:19,2026-09-23 18:55:47
Nikolainm,nikolainm,Nikolainm,Kick,Slots & Casino,28,es,8,"BUSCAMOS LA BOMBA CON 140K EN STAKE ! 
DALE QUE ES AHORAAA !!!",2026-09-23T18:19:38Z,,https://kick.com/nikolainm,44081175,01a0cf7e-a290-7eb4-aa20-374d313fc1ea,2026-09-23 18:49:19,2026-09-23 18:55:47
NinjaSlot,ninjaslot,NinjaSlot,Kick,Slots & Casino,28,pt,12,🟢CASSINADA BANCA REAL - DIA DE FORRA? | !bet !cassino !banca,2026-10-01T06:43:30Z,True,https://kick.com/ninjaslot,122675962,01a0f634-2e50-71fc-877b-9a2edf2e5190,2026-09-23 18:49:19,2026-10-01 07:07:01
Nintendo_live,nintendo_live,Nintendo_live,Kick,Slots & Casino,28,ru,1,Риск — дело прибыльное ДЕП 30к,2026-09-23T17:24:42Z,,https://kick.com/nintendo-live,65078768,01a0cf4c-5790-7688-ba68-0ec2218c1a7e,2026-09-23 18:49:19,2026-09-23 18:55:47
Nousutcom,nousutcom,Nousutcom,Kick,Slots & Casino,28,fi,2,💣💥 Bonusbuys 24/7💥,2026-09-22T13:15:09Z,,https://kick.com/nousutcom,25825123,01a0c941-8348-79f0-8188-6105e85a0910,2026-09-23 18:49:19,2026-09-23 18:55:47
OGULLA,ogulla,OGULLA,Kick,Slots & Casino,28,en,447,OGULLA X Rainbet 2.000 lucky lets goooooooooo !rainbet,2026-09-23T17:49:58Z,,https://kick.com/ogulla,30081357,01a0cf63-7970-7b84-9e0c-72d57c2168aa,2026-09-23 18:49:19,2026-09-23 18:49:19
OfficialHTG,officialhtg,OfficialHTG,Kick,Slots & Casino,28,en,226,They not like us | !DICEY !SKINRAVE !UNBOX | LBs @ htg.bet | Code HTG,2026-09-23T16:49:39Z,,https://kick.com/officialhtg,5599903,01a0cf2c-40b8-732a-8fb0-53f9f5c45ee4,2026-09-23 18:49:19,2026-09-23 18:55:47
OwenSlots,owenslots,OwenSlots,Kick,Slots & Casino,28,en,3386,🍀UP TO $250 FREE FOR EVERYONE / !SITE,2026-09-23T16:39:06Z,,https://kick.com/owenslots,51147777,01a0cf22-9810-704d-ba94-80e898d89229,2026-09-23 18:49:19,2026-09-23 18:55:47
Ozhunt,ozhunt,Ozhunt,Kick,Slots & Casino,28,en,396,Thursday10k Bonus hunt! viperspin | ozhunt.net | Live R + 18,2026-10-01T06:19:53Z,True,https://kick.com/ozhunt,15082641,01a0f61e-8f28-732c-b6cc-f0082727d0a2,2026-10-01 07:07:01,2026-10-01 07:07:01
PALYCHKZ,palychkz,PALYCHKZ,Kick,Slots & Casino,28,ru,182,Стримчик,2026-09-23T16:50:57Z,,https://kick.com/palychkz,27825158,01a0cf2d-7168-71c9-bc7a-a8a6d8aaf6dc,2026-09-23 18:49:19,2026-09-23 18:55:47
PIRAT_09,pirat_09,PIRAT_09,Kick,Slots & Casino,28,ru,7,Очередной слив или сладки вывод ?,2026-09-23T18:46:02Z,,https://kick.com/pirat_09,85111118,01a0cf96-ce10-73e6-9931-62ea7bd253f9,2026-09-23 18:49:19,2026-09-23 18:55:47
PULLENSPINS,pullenspins,PULLENSPINS,Kick,Slots & Casino,28,en,27,BUZZA INIT,2026-09-23T17:53:18Z,,https://kick.com/pullenspins,93631958,01a0cf66-86b0-7bf6-9309-a0c7cf4b8fdc,2026-09-23 18:49:19,2026-09-23 18:55:47
PapaGambles,papagambles,PapaGambles,Kick,Slots & Casino,28,en,254,#1 PRAGMATIC STREAMER OF AUG & SEPT?!?!?!?  - 🔥458 DAY STREAM STREAK🔥 Giveaways/Tips/Frees !clash !rc !cases !luxdrop !hunt !gamba !dc !lb,2026-09-23T17:29:05Z,,https://kick.com/papagambles,65925652,01a0cf50-5ae8-7727-8aa0-796b1842c9c3,2026-09-23 18:49:19,2026-09-23 18:55:47
PapaPaprika,papapaprika,PapaPaprika,Kick,Slots & Casino,28,de,26,💎GER/ENG !discord !stake 💎,2026-09-23T18:35:17Z,,https://kick.com/papapaprika,699008,01a0cf8c-f688-70cb-a1f5-2d82ed59ba67,2026-09-23 18:49:19,2026-09-23 18:55:47
PapaPaver,papapaver,PapaPaver,Kick,Slots & Casino,28,ru,425,Деп 1 800 000 руб / Казино Vodka,2026-09-23T17:46:19Z,,https://kick.com/papapaver,8311011,01a0cf60-21f8-798d-b0a2-a1b95f497316,2026-09-23 18:49:19,2026-09-23 18:55:47
Pasc,pasc,Pasc,Kick,Slots & Casino,28,en,310,$1250 Start + Giveaways | 10 Days Left On 5K LB,2026-09-23T18:44:17Z,,https://kick.com/pasc,19801227,01a0cf95-33e8-71d5-8cab-02fdd314044e,2026-09-23 18:49:19,2026-09-23 18:55:47
Pasut,pasut,Pasut,Kick,Slots & Casino,28,en,449,MAX WIN! | !strona,2026-09-23T17:03:54Z,,https://kick.com/pasut,35744361,01a0cf39-4c90-7546-8103-a00efd573742,2026-09-23 18:49:19,2026-09-23 18:55:47
Pinota,pinota,Pinota,Kick,Slots & Casino,28,en,267,"✅ I HAVE TO, I JUST HAVE TO ✅ !Stake ✅ TTS FOR SUBS !voices ✅",2026-09-23T17:15:33Z,,https://kick.com/pinota,8363,01a0cf43-f708-7549-8b21-33eec063b206,2026-09-23 18:49:19,2026-09-23 18:55:47
PlayIncredible,playincredible,PlayIncredible,Kick,Slots & Casino,28,en,356,GIVEAWAY ALL NIGHT LONG - CAN WE GET MAX?,2026-10-01T06:50:33Z,True,https://kick.com/playincredible,123972713,01a0f63a-a2a8-7230-be1a-82443e682321,2026-10-01 07:07:01,2026-10-01 07:07:01
Pow34r,pow34r,Pow34r,Kick,Slots & Casino,28,pl,2,rocket league + easy farm  | 15$ event later | !event,2026-09-23T17:00:56Z,,https://kick.com/pow34r,25892222,01a0cf36-9540-7342-823a-225d3b5e90d5,2026-09-23 18:49:19,2026-09-23 18:55:47
PrisonBoySlots,prisonboyslots,PrisonBoySlots,Kick,Slots & Casino,28,en,925,🔴SUBATHON ДЕН 2 - 3 ГОДИНИ KICK STREAMING,2026-09-30T17:56:11Z,True,https://kick.com/prisonboyslots,28010,01a0f375-ae78-7a3d-b2b2-97a84d56f90b,2026-09-23 18:49:19,2026-10-01 07:07:01
ProjectXTeam,projectxteam,ProjectXTeam,Kick,Slots & Casino,28,ru,1587,"⭐️VODKA.BET РАЗЫГРЫВАЕМ ПРИЗЫ, ЛОВИМ ЗАНОСЫ + SUB",2026-10-01T06:54:41Z,True,https://kick.com/projectxteam,581950,01a0f63e-6b68-7469-912c-c11433bbabd0,2026-10-01 07:07:01,2026-10-01 07:07:01
R0SHKAI,r0shkai,R0SHKAI,Kick,Slots & Casino,28,en,0,lets goo $1000,2026-09-23T18:47:21Z,,https://kick.com/r0shkai,62305255,01a0cf98-02a8-722d-a062-c7989dce3530,2026-09-23 18:49:19,2026-09-23 18:55:47
REALAQURO,realaquro,REALAQURO,Kick,Slots & Casino,28,de,13,24/7 VODs ♦️ aqurobonus.com💲!100 für 100 Gratis Freispiele ohne Einzahlung + 250% NON STICKY BONUS PAKET! 🎉 !yt !insta !discord 💸,2026-09-30T22:05:22Z,True,https://kick.com/realaquro,646831,01a0f459-d0d0-7da2-a072-e8dc79b63db6,2026-09-23 18:49:19,2026-10-01 07:07:01
Rafaelie,rafaelie,Rafaelie,Kick,Slots & Casino,28,en,11,BDAY STREAM MYSTERY HUNT  | Giveaways & Slot Calls | !Roobet !Leaderboard !Discord,2026-09-23T15:03:51Z,,https://kick.com/rafaelie,56893210,01a0cecb-63d8-7573-b2e0-569da4327487,2026-09-23 18:49:19,2026-09-23 18:55:47
RaimovV,raimovv,RaimovV,Kick,Slots & Casino,28,ru,2,ЛЯ Casino Раздаю бабки налево направо,2026-09-23T18:27:48Z,,https://kick.com/raimovv,46915811,01a0cf86-1ca0-7fda-9a71-ba210572d17b,2026-09-23 18:49:19,2026-09-23 18:55:47
RainsSpartan,rainsspartan,RainsSpartan,Kick,Slots & Casino,28,en,253,RUSTMAGIC EVENT!!!! After event 800$ START ON PACKDRAW | Case Battles and Giveaways | !leaderboard | !packdraw | !discord | rainsrewards.gg,2026-09-23T18:29:48Z,,https://kick.com/rainsspartan,1568519,01a0cf87-f160-7196-a508-f7a5222960c4,2026-09-23 18:49:19,2026-09-23 18:55:47
RakaGambles,rakagambles,RakaGambles,Kick,Slots & Casino,28,en,23,gambling my rent ┃ !lb !discord 100$ weekly giveaways 1k+ in leaderboards !chips !dice !chicken,2026-09-23T18:46:11Z,,https://kick.com/rakagambles,24371857,01a0cf96-f138-7206-937c-2d1765c44998,2026-09-23 18:49:19,2026-09-23 18:55:47
Ravtok,ravtok,Ravtok,Kick,Slots & Casino,28,en,13,"Live on Rain.gg, Skinrave.gg, Skin.fans. Doing a tournament and giveaways on stream. !discord !raingg !skinrave !skinfans",2026-09-23T18:13:36Z,,https://kick.com/ravtok,84735957,01a0cf79-1c80-7f4b-a3bd-923b146273ca,2026-09-23 18:49:19,2026-09-23 18:55:47
RayderPM7,rayderpm7,RayderPM7,Kick,Slots & Casino,28,es,2,"🚨 272€ CASH RAW 🎰 SIN WAGER, SIN EXCUSAS 🔥 | ¿HASTA DÓNDE LLEGAMOS? | +18",2026-09-23T17:27:42Z,,https://kick.com/rayderpm7,95739236,01a0cf4f-16b0-7869-856e-f0415f7b131b,2026-09-23 18:49:19,2026-09-23 18:55:47
Rektopuss,rektopuss,Rektopuss,Kick,Slots & Casino,28,lv,32,GRIEŽAM GRĀMATAS | DEPOZĪTS 600 EUR | BONUSI APRAKSTĀ,2026-09-23T18:01:20Z,,https://kick.com/rektopuss,56963716,01a0cf6d-e180-7d37-bfb8-61a9196ebb74,2026-09-23 18:49:19,2026-09-23 18:55:47
Respinners,respinners,Respinners,Kick,Slots & Casino,28,cs,34,💰TOKYO MAX win | FREESPINY A SOUTěžeE NA RESPINNERS.TV 🔥 💰  VÍC JAK 5 000 Kč na www.Respinners.TV,2026-09-23T18:03:07Z,,https://kick.com/respinners,32296079,01a0cf6f-8378-7d88-a493-783662e19f01,2026-09-23 18:49:19,2026-09-23 18:55:47
RezakOnline,rezakonline,RezakOnline,Kick,Slots & Casino,28,ru,545,КРУТИМ СЛОТЫ ЗРИТЕЛЕЙ И РАЗЫГРЫВАЕМ 500 000,2026-09-23T17:07:55Z,,https://kick.com/rezakonline,28253629,01a0cf3c-f9f8-75ca-b850-e64b652ccf6d,2026-09-23 18:49:19,2026-09-23 18:55:47
RobZnnnCS,robznnncs,RobZnnnCS,Kick,Slots & Casino,28,en,9,🚨40.000$ !ROOBET🚨 !LB & !VIP for 30.000$ + in Monthly Rewards,2026-09-23T18:54:22Z,,https://kick.com/robznnncs,14656673,01a0cf9e-6f30-7502-a82f-9d232d63ff4b,2026-09-23 18:55:47,2026-09-23 18:55:47
RoboSlot,roboslot,RoboSlot,Kick,Slots & Casino,28,en,1,"🟢RAW Balance!🟢 Bonuses & $2,100 Wager Leaderboard !Bonus !Site Rerun!",2026-09-22T22:53:36Z,,https://kick.com/roboslot,111853429,01a0cb53-1980-7ff9-8c8b-26fd9a8b1704,2026-09-23 18:49:19,2026-09-23 18:55:47
Rocboys,rocboys,Rocboys,Kick,Slots & Casino,28,en,12,Viewers Spend My Balance | $2K LB  |!rocboysrewards !Discord | !Roobet,2026-09-23T17:38:12Z,,https://kick.com/rocboys,2784806,01a0cf58-b3a0-79f8-9edb-fef90f5d3351,2026-09-23 18:49:19,2026-09-23 18:49:19
RoflanStudent,roflanstudent,RoflanStudent,Kick,Slots & Casino,28,ru,324,БАБКИ ЗА ПОДПИСКУ. БОНУС БАЙ. КАЗИНО СТРИМ. ЗАНОСЫ НЕДЕЛИ. ДЕП: 100К,2026-09-23T16:22:10Z,,https://kick.com/roflanstudent,23508652,01a0cf13-1750-7e26-9b10-580df28c3911,2026-09-23 18:49:19,2026-09-23 18:55:47
RollingAces,rollingaces,RollingAces,Kick,Slots & Casino,28,en,365,LEADERBOARD COMING SOON! | !Shuffle !luxdrop,2026-10-01T05:31:23Z,True,https://kick.com/rollingaces,83195,01a0f5f2-27f8-714a-95c0-4284c74957ff,2026-10-01 07:07:01,2026-10-01 07:07:01
Ronan_wins,ronan_wins,Ronan_wins,Kick,Slots & Casino,28,en,3,18+  ONLY WINNING HERE |  !Discord 🔴BIG WIN= GIVEAWAY | !yt,2026-09-23T18:07:46Z,,https://kick.com/ronan-wins,21133025,01a0cf73-c550-7cfa-aa76-6b4507261773,2026-09-23 18:49:19,2026-09-23 18:55:47
RonenGG,ronengg,RonenGG,Kick,Slots & Casino,28,he,5267,התוכנית להיום - שעתיים ריאקשנים וסיורים ואז שעתיים סטייק ואז שעתיים פיפא מינימום  | Stake 20K Leaderboard,2026-09-23T15:21:52Z,,https://kick.com/ronengg,4955749,01a0cedb-e280-7747-83b5-959b8b22c9c5,2026-09-23 18:49:19,2026-09-23 18:55:47
Roosteeni,roosteeni,Roosteeni,Kick,Slots & Casino,28,fi,2446,8 Bonaria auki| 1€ IPHONE 17 !KISA | !hype tarjoaa hyperullan 2 depoon palkinnot tai 15 000€,2026-09-23T16:40:08Z,,https://kick.com/roosteeni,12044419,01a0cf23-8a40-706a-b451-3d2f4b35ebc4,2026-09-23 18:49:19,2026-09-23 18:55:47
RoyalTeamCasino,royalteamcasino,RoyalTeamCasino,Kick,Slots & Casino,28,es,32,SE ROMPIO EL PC DE LA TREMENDA MAXWIN QUE ME PEGO 💸/  WALTYHH Y NAHUUU,2026-09-23T18:05:04Z,,https://kick.com/royalteamcasino,1712558,01a0cf71-4c80-7ddb-abe9-671fc57fa570,2026-09-23 18:49:19,2026-09-23 18:55:47
RubyyTV,rubyytv,RubyyTV,Kick,Slots & Casino,28,en,2,YOU’LL WANT TO SEE THIS ONE,2026-09-23T18:07:36Z,,https://kick.com/rubyytv,85646938,01a0cf73-9e40-7e47-9e55-ee3e5b163042,2026-09-23 18:49:19,2026-09-23 18:55:47
RwrdsGG,rwrdsgg,RwrdsGG,Kick,Slots & Casino,28,en,283,$4000 PACKDRAW !LB CODE : BOMAYE | $20.000 IN LEADERBOARDS CODE BOMAYE EVERYWHERE!,2026-10-01T06:51:46Z,True,https://kick.com/rwrdsgg,26856082,01a0f63b-bfd0-7235-9cf0-03712b934948,2026-09-23 18:49:19,2026-10-01 07:07:01
S3xTazy9,s3xtazy9,S3xTazy9,Kick,Slots & Casino,28,fr,2,"🎯 Session Multi dépôts avec Lexi, Titia et Tom   💣🔥 // 20 euros Gratuit pour les nouveaux affilié(e)s Stake et ou Betify !",2026-09-23T18:48:00Z,,https://kick.com/s3xtazy9,60503066,01a0cf98-9b00-7433-99e7-c84a50c4a13e,2026-09-23 18:49:19,2026-09-23 18:55:47
SAHMATKUZEYY,sahmatkuzeyy,SAHMATKUZEYY,Kick,Slots & Casino,28,tr,659,HERKEZE 3.500 TL DEĞERİNDE BONUS BUY HEDİYE,2026-09-23T18:33:57Z,,https://kick.com/sahmatkuzeyy,125399352,01a0cf8b-be08-723f-b9be-75a660f3bfa6,2026-09-23 18:49:19,2026-09-23 18:49:19
SH4NE_R,sh4ne_r,SH4NE_R,Kick,Slots & Casino,28,en,655,WELCOME IN    |🔥!bc !lb !tg,2026-10-01T07:00:38Z,True,https://kick.com/sh4ne_r,17985,01a0f643-ddf0-749d-8d79-dbcab92869d9,2026-10-01 07:07:01,2026-10-01 07:07:01
SINGHGAMBLES,singhgambles,SINGHGAMBLES,Kick,Slots & Casino,28,en-IN,6,STAKE SESSION MAX WIN HUNT !GW 1000$,2026-09-23T18:16:04Z,,https://kick.com/singhgambles,128976545,01a0cf7b-5ea0-7e41-b950-77cae8c619e0,2026-09-23 18:49:19,2026-09-23 18:55:47
STANISLAW89,stanislaw89,STANISLAW89,Kick,Slots & Casino,28,ru,1875,😡WHERE. ARE. MY. MAX. WINS.😡,2026-09-23T18:12:02Z,,https://kick.com/stanislaw89,237260,01a0cf77-ad50-7da8-b3eb-306b8734ccad,2026-09-23 18:49:19,2026-09-23 18:55:47
S_Kid,s_kid,S_Kid,Kick,Slots & Casino,28,en,40,Stream Corto - Casino (DIA 10),2026-10-01T06:47:36Z,True,https://kick.com/s-kid,129096288,01a0f637-ef40-721e-8ddb-0a3f3030c290,2026-10-01 07:07:01,2026-10-01 07:07:01
SacinoPapi,sacinopapi,SacinoPapi,Kick,Slots & Casino,28,en,51,👑 OPENING BONUSES SOON (24+) | SEPTEMBER P&L (-80K),2026-09-23T18:32:13Z,,https://kick.com/sacinopapi,93725916,01a0cf8a-27c8-7070-9aa3-7c620e848a44,2026-09-23 18:49:19,2026-09-23 18:55:47
SainiRS6,sainirs6,SainiRS6,Kick,Slots & Casino,28,en,163,"$10,000 !LEADERBOARD CODE SAINIRS6 ⭐ !ROOBET !DC",2026-10-01T06:26:06Z,True,https://kick.com/sainirs6,26526167,01a0f624-4030-7364-98de-2425d4b5d3da,2026-10-01 07:07:01,2026-10-01 07:07:01
Sandezyy,sandezyy,Sandezyy,Kick,Slots & Casino,28,en,269,2000$ vavada !tg,2026-09-23T18:48:09Z,,https://kick.com/sandezyy,90815330,01a0cf98-be28-724b-bbcc-3ea011b88e5c,2026-09-23 18:49:19,2026-09-23 18:55:47
Sanitao_cobrikTM,sanitao_cobriktm,Sanitao_cobrikTM,Kick,Slots & Casino,28,ru,12,🔥 в поиске заноса 💵,2026-09-23T17:42:24Z,,https://kick.com/sanitao-cobriktm,4858892,01a0cf5c-8c00-7911-99fa-088ac378ef17,2026-09-23 18:49:19,2026-09-23 18:55:47
SealStats,sealstats,SealStats,Kick,Slots & Casino,28,en,458,VIEWER HUNT || STAKESTATS || STAKE US,2026-09-23T14:29:45Z,,https://kick.com/sealstats,17312054,01a0ceac-2ba8-71ff-8327-632033130e10,2026-09-23 18:49:19,2026-09-23 18:55:47
Seaser,seaser,Seaser,Kick,Slots & Casino,28,cs,421,LUDVA A SEASER KASINO69 - napiš !69g,2026-09-23T17:54:09Z,,https://kick.com/seaser,9724220,01a0cf67-4de8-7aa1-986d-41b7d3bba74a,2026-09-23 18:49:19,2026-09-23 18:55:47
SebSlotsAu,sebslotsau,SebSlotsAu,Kick,Slots & Casino,28,en,153,GIVEAWAY TO OUR COMMUNITY STREAM// FREE BJ HANDS FOR FOLLOWERS,2026-10-01T06:13:46Z,True,https://kick.com/sebslotsau,121330590,01a0f618-f590-70f1-ba35-18d3ca9875e3,2026-10-01 07:07:01,2026-10-01 07:07:01
Seham,seham,Seham,Kick,Slots & Casino,28,ar,571,VIEWERS BONUS HUNT | STAKE ONLY | $100K+ Rewards | $40K LB | 2X Level Ups | 20% Instant Lossback | VIP Host | 2X Weekly,2026-10-01T06:50:15Z,True,https://kick.com/seham,22876143,01a0f63a-5c58-722e-991b-708fcfe1bc97,2026-10-01 07:07:01,2026-10-01 07:07:01
Sh1eporezKa,sh1eporezka,Sh1eporezKa,Kick,Slots & Casino,28,ru,387,1К НА ВОДОЧКУ ЗА ПРИПИСКУ @Sh1eporezKa @sh1epobot,2026-09-23T18:35:13Z,,https://kick.com/sh1eporezka,27365026,01a0cf8c-e6e8-7270-8dea-838883de5f8d,2026-09-23 18:49:19,2026-09-23 18:55:47
SkilCraker,skilcraker,SkilCraker,Kick,Slots & Casino,28,en,433,"💎Freestyle hunt! !stay active 4 SLOT +FOLTZ POINTS $10K VIEWER RAFFLE!💎NEW REWARDS 2X WEEKLY+LOSSBACK USE CODE ""skil""",2026-10-01T05:03:56Z,True,https://kick.com/skilcraker,1504705,01a0f5d9-0660-7e1e-a8b2-3bed3b19e250,2026-09-23 18:49:19,2026-10-01 07:07:01
Skinravegg,skinravegg,Skinravegg,Kick,Slots & Casino,28,en,518,"@LuddeCS x SkinRave - Battles, Tips, Promos, Giveaways - SKINRAVE.GG (18+)",2026-09-23T18:16:28Z,,https://kick.com/skinravegg,19523604,01a0cf7b-bc60-7e49-a58c-17fec60389aa,2026-09-23 18:49:19,2026-09-23 18:55:47
SlotAlertPro,slotalertpro,SlotAlertPro,Kick,Slots & Casino,28,en,12,🚨⚡ ZEUS JUST DROPPED €20 / $20?! 😱💸 | THE DOG KNOWS THE SECRET 🐶👀 | LINK IN CHAT 🔥,2026-10-01T06:41:24Z,True,https://kick.com/slotalertpro,98514639,01a0f632-4220-71e6-a1fc-0233ae75df4b,2026-10-01 07:07:01,2026-10-01 07:07:01
SlotPossums,slotpossums,SlotPossums,Kick,Slots & Casino,28,en,2,RAGIN' Caucasian 🎰 Slot Possums | 9 free-to-play social casinos - every link + promo code -> slotpossums.com | 21+ #ad,2026-09-23T15:50:01Z,,https://kick.com/slotpossums,118218175,01a0cef5-a828-7a3e-8c7f-3fc32e1b7f6c,2026-09-23 18:49:19,2026-09-23 18:49:19
SlotsFighterStreams,slotsfighterstreams,SlotsFighterStreams,Kick,Slots & Casino,28,lv,1170,BACHA UN ROLIS GAMBA,2026-09-23T16:59:53Z,,https://kick.com/slotsfighterstreams,21935436,01a0cf35-9f28-730a-a6e2-46112b1c38e3,2026-09-23 18:49:19,2026-09-23 18:55:47
SlotsGuru,slotsguru,SlotsGuru,Kick,Slots & Casino,28,en-IN,708,!Stake | Giveaway | 150k Leaderboard | 2x Monthly & 2x Rank Up Bonus,2026-10-01T05:53:45Z,True,https://kick.com/slotsguru,274662,01a0f606-a228-7241-a7f5-efbc1592fc82,2026-10-01 07:07:01,2026-10-01 07:07:01
Slottix247,slottix247,Slottix247,Kick,Slots & Casino,28,de,10,24/7 VOD - 300% BONUS AUF SLOTTIX.COM,2026-09-29T11:23:24Z,True,https://kick.com/slottix247,100325020,01a0ece7-b7e0-7033-8491-5075b885edf1,2026-09-23 18:49:19,2026-10-01 07:07:01
Smartpokies,smartpokies,Smartpokies,Kick,Slots & Casino,28,en,108,✨️Thirsty Thursday Slap + $20 bonus giveaway W/ Danny,2026-10-01T07:01:35Z,True,https://kick.com/smartpokies,1348558,01a0f644-bc98-74a9-83fe-5c85bad9ae39,2026-10-01 07:07:01,2026-10-01 07:07:01
Solpump247,solpump247,Solpump247,Kick,Slots & Casino,28,en,26,"(FREE Solana) Solpump — 24/7 Crash, Coinflip, Blackjack & Jackpot 🚀 | !solpump",2026-09-29T06:23:52Z,True,https://kick.com/solpump247,69942883,01a0ebd5-7cc0-779d-9e5d-2529758e3d4e,2026-10-01 07:07:01,2026-10-01 07:07:01
Spielomeister_com,spielomeister_com,Spielomeister_com,Kick,Slots & Casino,28,de,24,iPhone 18 Verlosung + New 300% Bonus | 20€ Gratis🚨 | !bonus  | Spielomeister.com,2026-09-23T17:48:30Z,,https://kick.com/spielomeister-com,413430,01a0cf62-21b0-79cc-9860-7a96713dd251,2026-09-23 18:49:19,2026-09-23 18:55:47
Spinitinslots,spinitinslots,Spinitinslots,Kick,Slots & Casino,28,en,92,"The Breakfast Show, Coffee, Chat and Slots, Join the Club #Slots #DISCORD",2026-10-01T06:52:10Z,True,https://kick.com/spinitinslots,38710499,01a0f63c-1d90-744f-ab8e-23c2e187d42f,2026-10-01 07:07:01,2026-10-01 07:07:01
Spinlife,spinlife,Spinlife,Kick,Slots & Casino,28,en,452,🎰 SLOTS AND GOOD VIBES WITH !PHILIP BIG BONUS OPENING 21:30! ⚡ | !Gamdom In Chat For Best Casino Offer! 🚀,2026-09-23T13:51:21Z,,https://kick.com/spinlife,32456,01a0ce89-03a8-7e9d-ab7f-8a279d9e3d2b,2026-09-23 18:49:19,2026-09-23 18:55:47
SrUser11,sruser11,SrUser11,Kick,Slots & Casino,28,pt,14,🟢 CASSINADA ONLINE -  SORTEIO DE BANCA EM BREVE !bet !cassino !casino,2026-10-01T06:50:07Z,True,https://kick.com/sruser11,122676154,01a0f63a-3d18-7441-ab64-4fe535d9651c,2026-10-01 07:07:01,2026-10-01 07:07:01
SteveArc,stevearc,SteveArc,Kick,Slots & Casino,28,fi,772,🔥 JÄTTIPOTTIA KAATAMAAN! 🚀 Tänään isketään isoilla 👉 Hae bonus heti! 🎰💰,2026-09-23T16:42:36Z,,https://kick.com/stevearc,131119246,01a0cf25-cc60-70a8-9f3f-be50774210f2,2026-09-23 18:49:19,2026-09-23 18:55:47
SteveDegen,stevedegen,SteveDegen,Kick,Slots & Casino,28,en,3,We Live on sharkdraw !sharkdraw !twitter  !discord,2026-09-23T18:45:26Z,,https://kick.com/stevedegen,44265625,01a0cf96-4170-73d6-8586-c2aad7f78097,2026-09-23 18:49:19,2026-09-23 18:55:47
SuperPaule,superpaule,SuperPaule,Kick,Slots & Casino,28,de,5,🎰 500€ – HEUTE GIBT’S KEIN ZURÜCK 🔥,2026-09-23T18:16:59Z,,https://kick.com/superpaule,78731107,01a0cf7c-3578-7fcb-a9cc-9a9519fc3a0d,2026-09-23 18:49:19,2026-09-23 18:55:47
Syztmz,syztmz,Syztmz,Kick,Slots & Casino,28,en,638,"New !MOON - OmG mR. cOnSiStEnT iZ bAcK + OPENING BONUSES - !ISL DAY - DAY 10 !ROYALE -!60kWEEKLYRace - $60,000 WEEK LEADERBOARD + 10K RAFFLE",2026-09-30T21:05:22Z,True,https://kick.com/syztmz,205,01a0f422-e250-742e-95aa-b7f96e848c5b,2026-10-01 07:07:01,2026-10-01 07:07:01
TEEBEE3016,teebee3016,TEEBEE3016,Kick,Slots & Casino,28,en,10,RAIN.GG STREAM |1000c leaderboard ON RAIN.GG |  !lb !rain !gambulls,2026-09-23T18:13:39Z,,https://kick.com/teebee3016,67210327,01a0cf79-2838-7de8-938f-10e0d0494b99,2026-09-23 18:49:19,2026-09-23 18:49:19
THEREALSANDJ,therealsandj,THEREALSANDJ,Kick,Slots & Casino,28,en,20,Bonus Hunt On Stake Day 3,2026-09-23T17:56:43Z,,https://kick.com/therealsandj,46047769,01a0cf69-a778-7b09-8230-16141bf50e64,2026-09-23 18:49:19,2026-09-23 18:55:47
TIDY_18,tidy_18,TIDY_18,Kick,Slots & Casino,28,ar,3,بكجات كاونتر و نلعب شوييي | 150؟,2026-09-23T17:54:28Z,,https://kick.com/tidy-18,40595126,01a0cf67-9820-7ab1-ae84-5ed18101e832,2026-09-23 18:49:19,2026-09-23 18:55:47
TadyLukas,tadylukas,TadyLukas,Kick,Slots & Casino,28,cs,233,69Games  | 8K START  I  -> WWW.TADYBONUS.CZ!!! Sbírej body a získej peníze!!!,2026-09-23T18:04:34Z,,https://kick.com/tadylukas,10074980,01a0cf70-d750-7c5a-ae36-cd64f449c03d,2026-09-23 18:49:19,2026-09-23 18:55:47
Tealaian,tealaian,Tealaian,Kick,Slots & Casino,28,en,24,Let's goooo,2026-10-01T06:33:22Z,True,https://kick.com/tealaian,8217886,01a0f62a-e750-73a9-a329-c25595464414,2026-09-23 18:49:19,2026-10-01 07:07:01
Teamcazy,teamcazy,Teamcazy,Kick,Slots & Casino,28,fr,3,🔥50FS NO DEPOSIT🔥1000$ Giveaways! LeT'S gO!!🔥!discord,2026-09-23T15:26:56Z,,https://kick.com/teamcazy,77105185,01a0cee0-8600-77c2-9f39-d3c6d50f4f2f,2026-09-23 18:49:19,2026-09-23 18:55:47
Teooo0ox,teooo0ox,Teooo0ox,Kick,Slots & Casino,28,en,9,Grinding Fortnite + Bodycam then risking it all on CSLand tonight 🎲,2026-09-23T17:18:00Z,,https://kick.com/teooo0ox,105877327,01a0cf46-3540-772c-9010-6258da8e16f1,2026-09-23 18:49:19,2026-09-23 18:55:47
Tern_n,tern_n,Tern_n,Kick,Slots & Casino,28,en,0,❤️ROLLIFY - 300$ ❤️,2026-09-23T18:48:53Z,,https://kick.com/tern-n,96445909,01a0cf99-6a08-726c-9d69-e5d30c7e7d45,2026-09-23 18:49:19,2026-09-23 18:55:47
Testotimo,testotimo,Testotimo,Kick,Slots & Casino,28,fi,227,Kimppa slotit! Osallistujille tippiä Osallistu: !kimppa,2026-09-23T17:29:43Z,,https://kick.com/testotimo,17315638,01a0cf50-ef58-78ab-8265-311962829a4b,2026-09-23 18:49:19,2026-09-23 18:55:47
TheBoarSlots,theboarslots,TheBoarSlots,Kick,Slots & Casino,28,en,479,The Boar! Thursday Bonus Buys,2026-10-01T05:45:57Z,True,https://kick.com/theboarslots,40448,01a0f5ff-7e08-7ff3-9e00-8f95eaad1374,2026-10-01 07:07:01,2026-10-01 07:07:01
TheBoyzLive,theboyzlive,TheBoyzLive,Kick,Slots & Casino,28,en,294,"$15,000 / $200,000 CASHED OUT - SEPTEMBER! 🔥$200 GIVEAWAY🔥$50,000 !Leaderboard !Rainbet !Discord",2026-09-23T18:01:06Z,,https://kick.com/theboyzlive,26638107,01a0cf6d-aad0-7bd9-8eec-fe40319e6de8,2026-09-23 18:49:19,2026-09-23 18:55:47
TheDoctor,thedoctor,TheDoctor,Kick,Slots & Casino,28,en,1330,SETTE - Thursday is where the max wins come out to play! - !doc !snap,2026-10-01T05:33:23Z,True,https://kick.com/thedoctor,25305,01a0f5f3-fcb8-715a-a775-6f0faaf111b8,2026-10-01 07:07:01,2026-10-01 07:07:01
TheKriminals,thekriminals,TheKriminals,Kick,Slots & Casino,28,en,85,Token Booby Streamer | Giveaway at 150x | Spooky Wheel Spins | !lb !roobet,2026-10-01T07:01:50Z,True,https://kick.com/thekriminals,85281482,01a0f644-f730-728a-82c0-7389c893dc80,2026-10-01 07:07:01,2026-10-01 07:07:01
TheLufer,thelufer,TheLufer,Kick,Slots & Casino,28,ru,140,ДЕП - $5000 | ИЩУ БЕКИНГ,2026-09-30T19:34:19Z,True,https://kick.com/thelufer,28845584,01a0f3cf-8678-78a0-9052-f4315fb866a8,2026-10-01 07:07:01,2026-10-01 07:07:01
TheRealPatty,therealpatty,TheRealPatty,Kick,Slots & Casino,28,ar,1738,HERE WE GO - STAKE - START 500                               / code promo : pattygang,2026-09-23T17:21:41Z,,https://kick.com/therealpatty,35871614,01a0cf49-9488-7625-9e3a-ed45b3091b2f,2026-09-23 18:49:19,2026-09-23 18:55:47
TheSlotPlug,theslotplug,TheSlotPlug,Kick,Slots & Casino,28,en,20,Birthday Stream on HYPE.Bet. 7k Max win Bonus Hunt. Come bet behind and get this MAX WIN with me for my birthday!!!!! Aye!!!!,2026-09-23T17:41:27Z,,https://kick.com/theslotplug,66593772,01a0cf5b-ad58-78ed-9466-1dc493245f98,2026-09-23 18:49:19,2026-09-23 18:55:47
TheTiltBros,thetiltbros,TheTiltBros,Kick,Slots & Casino,28,en,17,5k Raw Depo on Duelbits. Don't miss out on the giveaways. !discord !tiltbros !xdonny !xnoface,2026-09-23T18:06:58Z,,https://kick.com/thetiltbros,49697733,01a0cf73-09d0-7cd1-8200-acd6d348592f,2026-09-23 18:49:19,2026-09-23 18:55:47
TiAPlay,tiaplay,TiAPlay,Kick,Slots & Casino,28,en,14,👑 Slots Queen is here with 75 FREE SPINS FOR ALL,2026-10-01T03:00:09Z,True,https://kick.com/tiaplay,111911229,01a0f567-b2a8-722f-9b62-7f6bc70cdf5a,2026-10-01 07:07:01,2026-10-01 07:07:01
TiltedWin,tiltedwin,TiltedWin,Kick,Slots & Casino,28,en,281,FULLY RAW !JACK SESSION | $5 EVERY 10 MINUTES!,2026-09-23T17:59:58Z,,https://kick.com/tiltedwin,26755981,01a0cf6c-a130-7b96-a09e-c2b31a6df06a,2026-09-23 18:49:19,2026-09-23 18:55:47
ToastyyGambles,toastyygambles,ToastyyGambles,Kick,Slots & Casino,28,en,491,DEGENERATE COLLEGE STUDENT GAMBLES HIS NET WORTH | $10K LB 💎 GIVEAWAYS | !stake !lb !discord,2026-09-23T17:54:13Z,,https://kick.com/toastyygambles,1653838,01a0cf67-5d88-7aa5-8529-65ed86a63397,2026-09-23 18:49:19,2026-09-23 18:55:47
TokyoGambling,tokyogambling,TokyoGambling,Kick,Slots & Casino,28,en,22,i won sum !stake | !leaderboard |,2026-09-23T18:14:00Z,,https://kick.com/tokyogambling,215285,01a0cf79-7a40-7df3-806b-185ce0148ba6,2026-09-23 18:49:19,2026-09-23 18:55:47
Tomashii,tomashii,Tomashii,Kick,Slots & Casino,28,cs,10,🟡NAROZENINOVÝ 24H STREAM🟡SUB = SPIN A WHEEL !ig !yt,2026-09-23T15:00:44Z,,https://kick.com/tomashii,42870936,01a0cec8-8960-751c-a4b2-bf1ce44519af,2026-09-23 18:49:19,2026-09-23 18:55:47
ToroSlots,toroslots,ToroSlots,Kick,Slots & Casino,28,es,25,BCGAMEMX - CODIGO TOROSLOTSBC - MEXICO - DEPOSITA $100 MXN Y TE REGALO $100 MXN ( SOLO PARA MEXICO) 3 NUEVOS USUARIOS,2026-09-23T18:14:00Z,,https://kick.com/toroslots,42901,01a0cf79-7a40-7f59-9428-ac9a11fbcedb,2026-09-23 18:49:19,2026-09-23 18:55:47
TorontoVVS,torontovvs,TorontoVVS,Kick,Slots & Casino,28,en,884,SPINO/ 1000$ (button >>>) !kick !bonuses !group,2026-09-23T17:59:21Z,,https://kick.com/torontovvs,42827132,01a0cf6c-10a8-7b75-aacc-b52d82a6891e,2026-09-23 18:49:19,2026-09-23 18:55:47
Toshiclub,toshiclub,Toshiclub,Kick,Slots & Casino,28,ru,295,"до 50$ новичкам,ps5 за maxwin",2026-09-23T17:56:00Z,,https://kick.com/toshiclub,22345335,01a0cf68-ff80-7c47-a3af-7a744057ad94,2026-09-23 18:55:47,2026-09-23 18:55:47
Totoy333,totoy333,Totoy333,Kick,Slots & Casino,28,es,179,ablando mal de todo el mundo. chisme rico. dash geometrico,2026-10-01T03:25:57Z,True,https://kick.com/totoy333,1123244,01a0f57f-5188-7290-8eb9-5ff3f2c4f8d3,2026-10-01 07:07:01,2026-10-01 07:07:01
Trainwreckstv,trainwreckstv,Trainwreckstv,Kick,Slots & Casino,28,en,29216,"EARLY MORNING/LATE NIGHT STREAM, NEED 100M MINIMUM PLEASE (HOURS DONE) (PERSONAL FUNDS)",2026-10-01T01:11:43Z,True,https://kick.com/trainwreckstv,723,01a0f504-6c98-759b-a925-507b7c08081b,2026-10-01 07:07:01,2026-10-01 07:07:01
TrashBoatTV,trashboattv,TrashBoatTV,Kick,Slots & Casino,28,en,156,$60 RAW GAMBLING // #1 GAMBLING VTUBERS ON KICK,2026-10-01T06:27:55Z,True,https://kick.com/trashboattv,130675352,01a0f625-e9f8-7179-8ec6-b0d9078916b0,2026-10-01 07:07:01,2026-10-01 07:07:01
Tzbetz,tzbetz,Tzbetz,Kick,Slots & Casino,28,en,19,"🏆 $3,000 LEADERBOARD RACE! 🔥 | HUGE REWARDS COMING NEXT MONTH 👀🎁 | LOOKING FOR NEW OGS + VIPS! 💎 | JOIN THE COMMUNITY! ❤️",2026-09-23T17:59:33Z,,https://kick.com/tzbetz,45643026,01a0cf6c-3f88-7cd3-9574-030446a259ed,2026-09-23 18:49:19,2026-09-23 18:55:47
UnRationaL,unrational,UnRationaL,Kick,Slots & Casino,28,en,127,NEW $1k LEADERBOARD GET IN HERE TELL ME IF YOU DEPO FOR BONUS UNDER CODE !gamba,2026-10-01T06:46:04Z,True,https://kick.com/unrational,110540,01a0f636-87e0-7213-9093-b0779be9710f,2026-10-01 07:07:01,2026-10-01 07:07:01
Uubski,uubski,Uubski,Kick,Slots & Casino,28,en,39,🌴WE BACK!!!😌🔥NIGHT VIBES 👀😈!!!🚀Verified/KCIP grind!!🎮 slumpd spark up🔥@KyPXperience on X,2026-09-30T22:53:48Z,True,https://kick.com/uubski,195212,01a0f486-2860-7398-b23c-5bf00fb249af,2026-10-01 07:07:01,2026-10-01 07:07:01
UziDR,uzidr,UziDR,Kick,Slots & Casino,28,en,215,"🔴 TUESDAY FREESTYLE W UZI! NEW $600 LB IS UP & RUNNING! USE CODE ""UZI"" !lb !discord !thrill  🔴",2026-09-23T17:21:39Z,,https://kick.com/uzidr,42248635,01a0cf49-8cb8-779c-80c0-2db9211590d8,2026-09-23 18:49:19,2026-09-23 18:55:47
V1nment,v1nment,V1nment,Kick,Slots & Casino,28,ru,358,Прямая трансляция V1nment,2026-10-01T07:03:09Z,True,https://kick.com/v1nment,8865014,01a0f646-2bc8-729e-aedb-1634fed306d7,2026-10-01 07:07:01,2026-10-01 07:07:01
Vanimy,vanimy,Vanimy,Kick,Slots & Casino,28,sr,15,🔴OOOOO RUKFAŠŠŠ,2026-09-23T18:58:12Z,,https://kick.com/vanimy,1718385,01a0cfa1-f1a0-73af-ad7b-16e760821aed,2026-09-23 18:55:47,2026-09-23 18:55:47
Varkelov,varkelov,Varkelov,Kick,Slots & Casino,28,ru,3,Тихая погоня за Х1000 /  UP-X,2026-09-23T18:57:29Z,,https://kick.com/varkelov,4808674,01a0cfa1-49a8-7582-acb8-552656ec0a84,2026-09-23 18:55:47,2026-09-23 18:55:47
VayronLive,vayronlive,VayronLive,Kick,Slots & Casino,28,en,176,RAW $200 Tipping on BATTLEBLOX | Giveaway | !affiliate | !discord,2026-10-01T06:45:38Z,True,https://kick.com/vayronlive,30521200,01a0f636-2250-741e-88b3-d9cbcdeab428,2026-10-01 07:07:01,2026-10-01 07:07:01
Veto3Times,veto3times,Veto3Times,Kick,Slots & Casino,28,en,2,S.T.A.R 24HR STREAM,2026-09-23T15:44:12Z,,https://kick.com/veto3times,102202778,01a0cef0-54e0-7b21-914a-5e37e4f7fd20,2026-09-23 18:49:19,2026-09-23 18:55:47
ViliJee,vilijee,ViliJee,Kick,Slots & Casino,28,fi,265,LETS kimpsutellaan :3 !arvonta !kimppa,2026-10-01T03:37:40Z,True,https://kick.com/vilijee,12033981,01a0f58a-0ba0-75b3-af77-afd8427031f5,2026-10-01 07:07:01,2026-10-01 07:07:01
VladaKadlec,vladakadlec,VladaKadlec,Kick,Slots & Casino,28,cs,345,"PROČ NEJSOU STREAMY? MŮJ ZDRAVOTNÍ STAV, POKEC, DAVČIS A PODCAST A OPĚTOVNÉ VYDĚLÁVÁNÍ.",2026-09-23T18:24:07Z,,https://kick.com/vladakadlec,97613852,01a0cf82-bd58-7f51-9fe9-b67151cb156c,2026-09-23 18:49:19,2026-09-23 18:55:47
VolatileRuss,volatileruss,VolatileRuss,Kick,Slots & Casino,28,en,7,💥1K RAW on WIN-BETR💥code RUSS,2026-09-23T17:40:03Z,,https://kick.com/volatileruss,1102758,01a0cf5a-6538-78bc-b3cf-0127a9d3eef3,2026-09-23 18:49:19,2026-09-23 18:55:47
Vxlcom,vxlcom,Vxlcom,Kick,Slots & Casino,28,es,23,⚠️$300 BONO DE BIENVENIDA EN TU PRIMER DEPO !YEET⚠️| REDES: @Vxlcom | 🇲🇽,2026-10-01T05:44:41Z,True,https://kick.com/vxlcom,1462637,01a0f5fe-5528-7fe3-b535-c0c38ad89662,2026-10-01 07:07:01,2026-10-01 07:07:01
Vysotzky,vysotzky,Vysotzky,Kick,Slots & Casino,28,pl,6376,spoko ziomek zaprasza spoko ziomków na spoko transmisje !nv,2026-09-23T18:35:16Z,,https://kick.com/vysotzky,271000,01a0cf8c-f2a0-7273-8149-e5b9e1e1cfc1,2026-09-23 18:49:19,2026-09-23 18:55:47
Wara,wara,Wara,Kick,Slots & Casino,28,es,263,STREAM ANTI STATIC 🚫🚫🚫 SOLO ANTIMETA 🚫🚫🚫,2026-10-01T01:00:45Z,True,https://kick.com/wara,460679,01a0f4fa-6248-7409-8780-0fd1e0046ac3,2026-10-01 07:07:01,2026-10-01 07:07:01
Warren,warren,Warren,Kick,Slots & Casino,28,en,24,"💸WEDNESDAY MAD ONE💸 $100,000+ IN MONTHLY LEADERBOARDS = !website 💸 !STAKE !LUXDROP !DISCORD",2026-09-23T18:06:57Z,,https://kick.com/warren,3347,01a0cf73-05e8-7e2f-8f2a-b03e9e30d739,2026-09-23 18:49:19,2026-09-23 18:55:47
WastedWagers,wastedwagers,WastedWagers,Kick,Slots & Casino,28,en,258,"WASTED - LIVE on Rain.gg, Clash.gg & Gamba.com | Viewer calls, tips & Promo codes | !rain !clash !lb !gamba !discord",2026-09-23T17:54:41Z,,https://kick.com/wastedwagers,17326085,01a0cf67-cae8-7c21-bc6a-8f202f7e3da1,2026-09-23 18:49:19,2026-09-23 18:55:47
WingItSlots,wingitslots,WingItSlots,Kick,Slots & Casino,28,en,2,$1000 RAW BONUS HUNT | !RAINBET | $500 !LEADERBOARD | !JOIN,2026-09-23T18:55:44Z,,https://kick.com/wingitslots,86113857,01a0cf9f-af80-7355-8d24-48025ab508cf,2026-09-23 18:55:47,2026-09-23 18:55:47
Wudaboy,wudaboy,Wudaboy,Kick,Slots & Casino,28,pl,292,🍷💥 WUDKA NOLIMIT 🔥 !BISON NOWE KASYNKO RAWCASH 🔥  | Ekskluzywne Bonusy & Freespiny: HTTPS://HEYLINK.ME/KASYNA ✅,2026-09-23T17:12:30Z,,https://kick.com/wudaboy,64678546,01a0cf41-2c30-74df-9031-026110214968,2026-09-23 18:49:19,2026-09-23 18:55:47
Xchng3,xchng3,Xchng3,Kick,Slots & Casino,28,en,25,"18+ $800 SHUFFLE, $500 LUXDROP | CODE XCHNG3 | !shuffle !lb !luxdrop !socials @shufflecom @LuxDrop",2026-09-23T18:01:06Z,,https://kick.com/xchng3,22516,01a0cf6d-aad0-7bd7-85fc-4596ea080b76,2026-09-23 18:49:19,2026-09-23 18:55:47
XtraGambles,xtragambles,XtraGambles,Kick,Slots & Casino,28,en,8,Xtragambles.com | !upgrader !rustmagic !clash,2026-09-23T18:10:51Z,,https://kick.com/xtragambles,29308515,01a0cf76-97f8-7d86-bb98-ce5694c6b84b,2026-09-23 18:49:19,2026-09-23 18:55:47
YNKNOWme,ynknowme,YNKNOWme,Kick,Slots & Casino,28,ru,338,Играем на Stake промокод YNKNOW Деп. 800$,2026-10-01T06:04:10Z,True,https://kick.com/ynknowme,5942560,01a0f610-2b90-72ac-a5a9-818c0cf67120,2026-10-01 07:07:01,2026-10-01 07:07:01
Yassuo,yassuo,Yassuo,Kick,Slots & Casino,28,en,5064,IM BACKKKK - $500K FREESTYLE -> HIDDEN BONUS OPENING - DAILY STREAMS RETURN.,2026-09-23T16:46:37Z,,https://kick.com/yassuo,2941052,01a0cf29-79c8-72d3-a4f5-00898a1eff2f,2026-09-23 18:49:19,2026-09-23 18:55:47
Ygrekii,ygrekii,Ygrekii,Kick,Slots & Casino,28,es,6,"Opening Bonus
Giveaway 25 subscribers
🎟️ SUB = RAFFLE ENTRY! 🎟️
🔥Stake Bonus Hunter🔥
💥 500x = BIG TIP! 💥",2026-09-23T16:42:59Z,,https://kick.com/ygrekii,2525608,01a0cf26-2638-7265-9041-aa3e4ce2941d,2026-09-23 18:49:19,2026-09-23 18:55:47
YordyHJ,yordyhj,YordyHJ,Kick,Slots & Casino,28,en,1,"🎰 $1,000 MONTHLY +  DAILY CASH PRIZES | $5 FREE BONUS LIVE 🔥",2026-09-23T18:57:08Z,,https://kick.com/yordyhj,3021513,01a0cfa0-f7a0-757a-96fe-e6dcead9d9db,2026-09-23 18:55:47,2026-09-23 18:55:47
YungKarth,yungkarth,YungKarth,Kick,Slots & Casino,28,en,406,"🟢 $1500 HUNT w/ @lolOutLaw & SHIVA - CODE KARTH ON STAKE FOR RAW LB + AFIL NIGHTS! (!discord, !stake) 🟢",2026-10-01T06:19:39Z,True,https://kick.com/yungkarth,246556,01a0f61e-5878-7127-be68-d2d9590b95c5,2026-10-01 07:07:01,2026-10-01 07:07:01
ZAHAR31,zahar31,ZAHAR31,Kick,Slots & Casino,28,ru,45,🔥раб вельвуры,2026-09-23T18:16:01Z,,https://kick.com/zahar31,50865126,01a0cf7b-52e8-7e41-aa42-c40ce6f5bc58,2026-09-23 18:55:47,2026-09-23 18:55:47
ZEKOOTV,zekootv,ZEKOOTV,Kick,Slots & Casino,28,ar,845,test test,2026-09-23T18:16:48Z,,https://kick.com/zekootv,57800333,01a0cf7c-0a80-7e52-8889-14fa29f48bc1,2026-09-23 18:49:19,2026-09-23 18:55:47
ZEUSEEQ,zeuseeq,ZEUSEEQ,Kick,Slots & Casino,28,ru,56,💚РАЗДАЕМ ВСЕМ БОНУСЫ | !бонус,2026-09-30T16:31:20Z,True,https://kick.com/zeuseeq,125162168,01a0f327-ffc0-7d93-ab5b-53ff79daa6bb,2026-09-23 18:49:19,2026-10-01 07:07:01
ZONY,zony,ZONY,Kick,Slots & Casino,28,pl,523,💰️25/26 wrzesnia turniej o 5k !turniej |NAGRODY NA STRONIE !strona !nv | !vavada !maxwin !last2 !win | !skins !kantor !pro !dc,2026-09-23T18:54:01Z,,https://kick.com/zony,7611781,01a0cf9e-1d28-7316-b10f-871b588b5392,2026-09-23 18:55:47,2026-09-23 18:55:47
Zaiikoo,zaiikoo,Zaiikoo,Kick,Slots & Casino,28,es,78,JUGANDO PLATITA EN !FAIRPARI !redes !telegram,2026-10-01T06:17:08Z,True,https://kick.com/zaiikoo,4944127,01a0f61c-0aa0-7114-a7d9-ddf29ae1af1e,2026-10-01 07:07:01,2026-10-01 07:07:01
ZarlezaR,zarlezar,ZarlezaR,Kick,Slots & Casino,28,de,564,STAKE.EU 20€ BONUS WITH !Stake.eu | !Stake !dc  #LOYAL,2026-09-23T18:14:16Z,,https://kick.com/zarlezar,43873,01a0cf79-b8c0-7f65-aa5e-f8e219dbb7b0,2026-09-23 18:49:19,2026-09-23 18:55:47
ZeDZiZi,zedzizi,ZeDZiZi,Kick,Slots & Casino,28,ru,15,Новый проект ЛЯCASINO,2026-09-23T18:31:18Z,,https://kick.com/zedzizi,62672692,01a0cf89-50f0-7051-be6d-58a0442f1ac9,2026-09-23 18:49:19,2026-09-23 18:55:47
ZenLabi,zenlabi,ZenLabi,Kick,Slots & Casino,28,en,1,💎 $8000 IN MONTHLY LEADERBOARDS 💎 !site 💎 !leaderboard,2026-09-23T18:56:56Z,,https://kick.com/zenlabi,84732361,01a0cfa0-c8c0-756e-afde-3bd5f0e121ea,2026-09-23 18:55:47,2026-09-23 18:55:47
ZenMasterEU,zenmastereu,ZenMasterEU,Kick,Slots & Casino,28,en,24,Printing with Sesike💵💥 | GIVEAWAY and FREES BATTLES 💸!site !vip !claim !clipper,2026-09-23T18:33:52Z,,https://kick.com/zenmastereu,43485,01a0cf8b-aa80-70a0-a12d-97cb6bb55d9b,2026-09-23 18:49:19,2026-09-23 18:55:47
abhilakraa,abhilakraa,abhilakraa,Kick,Slots & Casino,28,en-IN,1,$2000 Non Stop Bets STAKE,2026-09-23T18:36:51Z,,https://kick.com/abhilakraa,39689114,01a0cf8e-65b8-70f9-b0b8-f4cf70bfa6d5,2026-09-23 18:49:19,2026-09-23 18:55:47
akinaki,akinaki,akinaki,Kick,Slots & Casino,28,ru,0,"Заносы - для меня, проигрывать - не для меня. !pari !shuffle",2026-09-23T18:58:53Z,,https://kick.com/akinaki,22543991,01a0cfa2-91c8-75af-bc0d-7bbae4a1550f,2026-09-23 18:55:47,2026-09-23 18:55:47
aldichrome,aldichrome,aldichrome,Kick,Slots & Casino,28,en,247,SPECIAL STREAM WITH 2.5k START NON SPONSORED + GIVEAWAYS WITH NEW SYSTEM (+18) GER/ENG,2026-09-23T16:55:23Z,,https://kick.com/aldichrome,45007,01a0cf31-8078-7270-a49d-a40351f5855a,2026-09-23 18:49:19,2026-09-23 18:55:47
alexjj,alexjj,alexjj,Kick,Slots & Casino,28,en,385,💸$5 FREE 100% DEPOSIT MATCH //  $350 GIVEAWAYS EVERY SUNDAY💸REFERAL: AlexJJ,2026-10-01T04:48:14Z,True,https://kick.com/alexjj,79473,01a0f5ca-a6b0-7d21-aa2d-2e1ad3a30fb2,2026-10-01 07:07:01,2026-10-01 07:07:01
andypsx,andypsx,andypsx,Kick,Slots & Casino,28,es,1462,MACACO HUNT 9.000$ - 5$/10$ BET + 6.000$ RAW 🚀 1000$+ EN SORTEOS 🚀 UNETE A LA COMUNIDAD !ou STREAM #ad +18,2026-09-23T17:30:45Z,,https://kick.com/andypsx,17274,01a0cf51-e188-78da-8f97-06209ca156be,2026-09-23 18:49:19,2026-09-23 18:55:47
ausgodLive,ausgodlive,ausgodLive,Kick,Slots & Casino,28,en,1,$100k TO $150K LIVE DEALER CHALLENGE!,2026-09-23T17:59:49Z,,https://kick.com/ausgodlive,54559915,01a0cf6c-7e08-7ce0-ba3a-27dea1adcbbb,2026-09-23 18:49:19,2026-09-23 18:55:47
auslots,auslots,auslots,Kick,Slots & Casino,28,en,835,HIGH ROLLING AGAIN AND AGAIN AND AGAIN LOL LETS GO,2026-10-01T07:02:37Z,True,https://kick.com/auslots,1400405,01a0f645-aec8-74b2-809a-7e3d126b060b,2026-10-01 07:07:01,2026-10-01 07:07:01
azarov7777,azarov7777,azarov7777,Kick,Slots & Casino,28,ru,536,ПОКУПАЮ 7 БОНУСОК ПО 5000 РУБ ДЛЯ ВАС!!! БЫСТРЕЕ СПАМЬ СЛОТ +АЙДИ В ЧАТ!!!! 35.000 РУБ ДЕП,2026-09-23T16:53:08Z,,https://kick.com/azarov7777,37093990,01a0cf2f-7120-7221-864d-e4d028571f29,2026-09-23 18:49:19,2026-09-23 18:49:19
b4ng,b4ng,b4ng,Kick,Slots & Casino,28,en,268,MASSIVE WINS TONIGHT! - Giveaways vibing & more!!,2026-09-23T17:59:37Z,,https://kick.com/b4ng,2974,01a0cf6c-4f28-7cd7-9b11-722c1606308a,2026-09-23 18:49:19,2026-09-23 18:55:47
baraldooo,baraldooo,baraldooo,Kick,Slots & Casino,28,en,2,lets win big!!! raw money!! swedish pro gambler!!!!,2026-09-23T16:39:01Z,,https://kick.com/baraldooo,1144066,01a0cf22-8488-704b-822f-5f8b366da6e1,2026-09-23 18:49:19,2026-09-23 18:55:47
bcgamelive,bcgamelive,bcgamelive,Kick,Slots & Casino,28,en,7,CHOOSING 5 WINNERS FOR FREE SPINS ON RHINO ROBBERY🦏t🎰🎰  | BCGAME,2026-09-23T17:50:20Z,,https://kick.com/bcgamelive,32592976,01a0cf63-cf60-7b93-afc3-540d4538de02,2026-09-23 18:49:19,2026-09-23 18:55:47
bdrippyy,bdrippyy,bdrippyy,Kick,Slots & Casino,28,en,376,"$5 FREE on SIGN UP!! CALLS, Tips, GIVEAWAYS !! !MB !MP !discord",2026-10-01T05:57:03Z,True,https://kick.com/bdrippyy,3488638,01a0f609-a798-7048-b777-1027e0e0e953,2026-10-01 07:07:01,2026-10-01 07:07:01
birbCS,birbcs,birbCS,Kick,Slots & Casino,28,en,279,WE TURN IT AROUND | DAILY REWARDS !SITE | $14K IN WEEKLY LBS | !site !discord !big,2026-09-23T17:01:17Z,,https://kick.com/birbcs,4421764,01a0cf36-e748-735a-8078-51f331c8f5ca,2026-09-23 18:49:19,2026-09-23 18:55:47
bitfortuneTV,bitfortunetv,bitfortuneTV,Kick,Slots & Casino,28,en,11,24/7 LIVESTREAM!!! STREAMER REPLAYS!!!,2026-09-30T07:26:50Z,True,https://kick.com/bitfortunetv,98289510,01a0f135-7e90-7c1c-b09d-7eaaa7cc0b98,2026-09-23 18:49:19,2026-10-01 07:07:01
bitfortunegirls,bitfortunegirls,bitfortunegirls,Kick,Slots & Casino,28,en,198,jocy 5k redemption,2026-09-23T13:55:48Z,,https://kick.com/bitfortunegirls,98423551,01a0ce8d-16a0-7f00-aa38-4efe43bdbd0a,2026-09-23 18:49:19,2026-09-23 18:55:47
blackknate,blackknate,blackknate,Kick,Slots & Casino,28,en,204,DEADLOCK IS SO BACK!?!| $600 START | $2500 LB | !STAKE | !DISCORD,2026-09-30T21:43:14Z,True,https://kick.com/blackknate,781152,01a0f445-8d50-78a9-8641-1e60ab5fa149,2026-10-01 07:07:01,2026-10-01 07:07:01
blackorhid,blackorhid,blackorhid,Kick,Slots & Casino,28,ru,0,Праздничный валик,2026-09-23T18:56:57Z,,https://kick.com/blackorhid,33465453,01a0cf9b-2f28-72b4-aa96-cf26b8e3d827,2026-09-23 18:49:19,2026-09-23 18:55:47
blaffsen,blaffsen,blaffsen,Kick,Slots & Casino,28,en,84,IM BACK! SLINGING POKEMON BACKS WITH @cleosgamba! !roobet !rustmagic !juice !lb,2026-09-23T18:47:52Z,,https://kick.com/blaffsen,219237,01a0cf98-7bc0-742e-9a4b-db659b97f751,2026-09-23 18:49:19,2026-09-23 18:55:47
bmn01,bmn01,bmn01,Kick,Slots & Casino,28,ru,23,Ищим бекинг на Stake !donate !tg !upx !stake,2026-10-01T06:49:46Z,True,https://kick.com/bmn01,538320,01a0f639-eb10-722a-8405-1ca43f6b760f,2026-10-01 07:07:01,2026-10-01 07:07:01
bulletbait604,bulletbait604,bulletbait604,Kick,Slots & Casino,28,en,30,"GENERAL BULLET AND THE BIG ""D"" SQUAD |#LUMIA #PLINKO 
|KICK 's Stream Genius| !commercial !commands |KPP|",2026-09-23T12:40:03Z,,https://kick.com/bulletbait604,1202294,01a0ce47-bcb8-7978-851b-ab9b927ce83f,2026-09-23 18:49:19,2026-09-23 18:55:47
butterflysedoy,butterflysedoy,butterflysedoy,Kick,Slots & Casino,28,ru,2,"СЕГОДНЯ ЛИБО ВЫНОС, ЛИБО БАНКРОТ",2026-09-23T18:13:54Z,,https://kick.com/butterflysedoy,128365647,01a0cf79-62d0-7dee-9f68-474b898a026c,2026-09-23 18:49:19,2026-09-23 18:55:47
caJlfetka_5,cajlfetka_5,caJlfetka_5,Kick,Slots & Casino,28,ru,28,ХАЛЯВА 50 бездеп СПИНОВ ВСЕМ за РЕГ ХАЛЯВА на VODKA,2026-09-30T21:05:42Z,True,https://kick.com/cajlfetka_5,59651755,01a0f423-3070-7436-9901-13fc75d466c0,2026-10-01 07:07:01,2026-10-01 07:07:01
cajlfetka_6,cajlfetka_6,cajlfetka_6,Kick,Slots & Casino,28,ru,256,БОНУС 50 бездеп СПИНОВ ВСЕМ за РЕГ ХАЛЯВА на VODKA,2026-09-23T10:18:20Z,,https://kick.com/cajlfetka-6,60575702,01a0cdc5-fde0-7339-8828-d0cd6a292b9b,2026-09-23 18:49:19,2026-09-23 18:55:47
capitan_wins,capitan_wins,capitan_wins,Kick,Slots & Casino,28,en,54,GIFT $1000 FOR EVERY player for the first game! LINK in chat,2026-09-30T21:06:22Z,True,https://kick.com/capitan-wins,66372453,01a0f423-ccb0-744e-a8f8-5c29bde3cb3a,2026-09-23 18:49:19,2026-10-01 07:07:01
carlinotje,carlinotje,carlinotje,Kick,Slots & Casino,28,en,266,"Stream 346, Just a Regular RoshPlay stream !sr and !tts is open for subs!",2026-09-23T13:35:17Z,,https://kick.com/carlinotje,17569515,01a0ce7a-4e08-7ebb-bfd4-6216551fc320,2026-09-23 18:49:19,2026-09-23 18:55:47
chickenjocky1221,chickenjocky1221,chickenjocky1221,Kick,Slots & Casino,28,en,2,battleblox,2026-09-23T15:33:26Z,,https://kick.com/chickenjocky1221,71329669,01a0cee6-7970-7a0d-a7ab-2f71f1e769a7,2026-09-23 18:49:19,2026-09-23 18:55:47
cocospinzz,cocospinzz,cocospinzz,Kick,Slots & Casino,28,en,513,LIFE IS BEAUTIFUL i guess!! #DDK,2026-09-23T18:00:39Z,,https://kick.com/cocospinzz,3790,01a0cf6d-4158-7bc2-bbf5-15dcbb576080,2026-09-23 18:49:19,2026-09-23 18:55:47
coinvs,coinvs,coinvs,Kick,Slots & Casino,28,en,10,CoinVs.io Test Stream,2026-09-29T18:57:16Z,True,https://kick.com/coinvs,105664001,01a0ee87-3ee0-7e63-942b-468b2d808295,2026-09-23 18:49:19,2026-10-01 07:07:01
croe,croe,croe,Kick,Slots & Casino,28,en,8,💎$300 BONUS HUNT 💎 18+ 💎 RAGS 2 RICHES 💎 NOT ENDING UNTIL WE WIN A BMW M4 💎,2026-09-23T18:32:48Z,,https://kick.com/croe,139483,01a0cf8a-b080-7082-8573-0f643da59649,2026-09-23 18:49:19,2026-09-23 18:55:47
crownycro,crownycro,crownycro,Kick,Slots & Casino,28,pl,1109,DOBRA PASSA TRWA,2026-09-23T18:06:51Z,,https://kick.com/crownycro,357533,01a0cf72-ee78-7ccb-b161-2584afdd1cd1,2026-09-23 18:49:19,2026-09-23 18:55:47
danxgambling,danxgambling,danxgambling,Kick,Slots & Casino,28,en,273,CSGOBIG 500 START. One day or day one?!! 3500 COINS WEEKLY LEADERBOARD | !discord !csgobig !leaderboard,2026-09-23T17:31:11Z,,https://kick.com/danxgambling,553657,01a0cf52-4718-7779-aa7a-ff1bc412f158,2026-09-23 18:49:19,2026-09-23 18:55:47
dcampion,dcampion,dcampion,Kick,Slots & Casino,28,en,583,👀 OFFICER DEZBAG REPORTING FOR BOOTY👀TIPS FOR REQUESTS🔥!STAKE🤑 TIPS FOR CALLS🤑  !DISCORD,2026-09-23T18:46:30Z,,https://kick.com/dcampion,167873,01a0cf97-3b70-7212-bb47-b73d2e862a14,2026-09-23 18:49:19,2026-09-23 18:55:47
demonfaer,demonfaer,demonfaer,Kick,Slots & Casino,28,ru,12,Ищу беккинг на сегоднящний вывод,2026-09-23T18:02:17Z,,https://kick.com/demonfaer,21273832,01a0cf6e-c028-7c03-ba67-fc9e9bbab699,2026-09-23 18:49:19,2026-09-23 18:55:47
detective,detective,detective,Kick,Slots & Casino,28,en,90,"$750 Start, degen time!!! Let's run this up to $5,000 AT LEAST #thrill #gambling",2026-09-23T18:47:36Z,,https://kick.com/detective,15784743,01a0cf98-3d40-741e-9431-6187e0277555,2026-09-23 18:49:19,2026-09-23 18:55:47
dimeloturi,dimeloturi,dimeloturi,Kick,Slots & Casino,28,es,142,hoy solo esta maquina perros,2026-10-01T06:30:42Z,True,https://kick.com/dimeloturi,51794419,01a0f628-7650-7383-92ac-c6ab9a360888,2026-10-01 07:07:01,2026-10-01 07:07:01
dopappejeje,dopappejeje,dopappejeje,Kick,Slots & Casino,28,es,292,"STARZBET 2 DE 10 PAAA
|| Entren al nuevo DISCORD ahi se harán los tipeos|| !ds !contacto !jeton",2026-09-23T18:26:23Z,,https://kick.com/dopappejeje,59499489,01a0cf84-d098-7117-b8e1-5884a39fc4f8,2026-09-23 18:49:19,2026-09-23 18:55:47
duel_blackjack,duel_blackjack,duel_blackjack,Kick,Slots & Casino,28,en,17,Duel Blackjack,2026-09-30T12:02:12Z,True,https://kick.com/duel-blackjack,111908492,01a0f231-99a0-76b6-a921-7f91a01cd91d,2026-09-23 18:49:19,2026-10-01 07:07:01
eboy,eboy,eboy,Kick,Slots & Casino,28,en,669,"STAKE SPIN HUNT┃ 1 MIL GIVEN AWAY ┃$20,000 STAKE MONTHLY LEADERBOARD",2026-09-23T17:32:04Z,,https://kick.com/eboy,8705198,01a0cf53-1620-779e-8f4d-ecde8a74ff17,2026-09-23 18:49:19,2026-09-23 18:55:47
el_wichita,el_wichita,el_wichita,Kick,Slots & Casino,28,es,1,"MI VIDA POR LA HORDA!!! Vamos calentando para WOW Forever, Viejo lanza negra por siempre!!! (comandos !sr para poner musica)",2026-09-23T01:43:35Z,,https://kick.com/el-wichita,31358806,01a0cbee-b958-7871-9099-53fc75854586,2026-09-23 18:49:19,2026-09-23 18:55:47
elitetonovv,elitetonovv,elitetonovv,Kick,Slots & Casino,28,en,0,morning counter strike kai w/,2026-09-23T18:47:07Z,,https://kick.com/elitetonovv,38647561,01a0cf97-cbf8-740c-bb8a-f92eba1715f3,2026-09-23 18:49:19,2026-09-23 18:55:47
elmen74,elmen74,elmen74,Kick,Slots & Casino,28,es,153,💣NOCHE DE SLOT💣  !1XBET TU FOLLOW ME AYUDA UN MONTON,2026-10-01T04:33:10Z,True,https://kick.com/elmen74,23135122,01a0f5bc-db70-7e50-a87d-2392a306e47a,2026-10-01 07:07:01,2026-10-01 07:07:01
extasyextano,extasyextano,extasyextano,Kick,Slots & Casino,28,fil,184,Hello mga karaannchiii,2026-10-01T06:53:07Z,True,https://kick.com/extasyextano,23581757,01a0f63c-fc38-723e-a74c-da6aced557f5,2026-10-01 07:07:01,2026-10-01 07:07:01
filatovpoker,filatovpoker,filatovpoker,Kick,Slots & Casino,28,ru,253,гембл гембл,2026-09-23T17:41:26Z,,https://kick.com/filatovpoker,18553648,01a0cf5b-a970-7a5a-96cc-74511c803b6a,2026-09-23 18:49:19,2026-09-23 18:55:47
fl1Nty005,fl1nty005,fl1Nty005,Kick,Slots & Casino,28,en,0,BONUS HUNT 2000$ dep,2026-09-23T18:47:11Z,,https://kick.com/fl1nty005,36387409,01a0cf97-db98-7229-b48f-aca5187e69bb,2026-09-23 18:49:19,2026-09-23 18:55:47
flyingslotsman,flyingslotsman,flyingslotsman,Kick,Slots & Casino,28,en,38,!rainbet Midweek Hunt,2026-09-23T16:34:36Z,,https://kick.com/flyingslotsman,64767,01a0cf1e-7960-714f-b951-19ca69258e95,2026-09-23 18:49:19,2026-09-23 18:55:47
francobieler,francobieler,francobieler,Kick,Slots & Casino,28,es,195,EXTENSIBLE DÍA 2🔥 Regalo para nuevos seguidores 💜 Timbita en Mega Pari !mega !ds !clips !ig,2026-09-30T19:28:35Z,True,https://kick.com/francobieler,33606884,01a0f3ca-46b8-77ce-83a4-244fc85b472e,2026-10-01 07:07:01,2026-10-01 07:07:01
francois101,francois101,francois101,Kick,Slots & Casino,28,en,7,WE BROKE BUT WE HERE !stake !discord,2026-09-23T16:58:23Z,,https://kick.com/francois101,14107,01a0cf34-3f98-72d2-a01f-200e902b5c9d,2026-09-23 18:49:19,2026-09-23 18:55:47
franzlol,franzlol,franzlol,Kick,Slots & Casino,28,es,21,HOTYA un ratito  y dsp lol - sorteo en !ds 🍀mente positiva🍀🔥​winners queue🔥​,2026-09-23T18:55:34Z,,https://kick.com/franzlol,9266585,01a0cf9f-8870-7537-83fa-7234f2f4efd9,2026-09-23 18:55:47,2026-09-23 18:55:47
funghi,funghi,funghi,Kick,Slots & Casino,28,en,258,"THE DALE TAKEOVER!
ASK ME FOR THE VAULT CODE

NEW LEADERBOARD!! NEW GIVEAWAYS

TIPS ON ME!!",2026-09-23T17:01:06Z,,https://kick.com/funghi,304444,01a0cf36-bc50-734f-837e-a0e0751173d9,2026-09-23 18:49:19,2026-09-23 18:55:47
funnysuburbanvidz,funnysuburbanvidz,funnysuburbanvidz,Kick,Slots & Casino,28,en,194,!GIVEAWAY AFTER EVERY BONUS X TIPS! !EARLY2 - !DISCORD,2026-10-01T07:00:14Z,True,https://kick.com/funnysuburbanvidz,18151213,01a0f643-8030-7279-85e0-73eb80020ac5,2026-10-01 07:07:01,2026-10-01 07:07:01
gamsol,gamsol,gamsol,Kick,Slots & Casino,28,en,17,🎁 Free Solana Giveaway! Use Code GAMSOL + Free Daily Case,2026-10-01T06:50:15Z,True,https://kick.com/gamsol,105025400,01a0f63a-5c58-722d-ba72-259220440070,2026-09-23 18:49:19,2026-10-01 07:07:01
ggthayy,ggthayy,ggthayy,Kick,Slots & Casino,28,pt,29,+18 🚀🎰 LIVE LIBERADA | RODADAS GRÁTIS + BÔNUS DE BOAS-VINDAS 🎁💸 | 🔞 !!CHAT !!PIX !!SORTEIOS,2026-09-30T23:02:48Z,True,https://kick.com/ggthayy,129360725,01a0f48e-65c0-74d0-9f88-28f01a792522,2026-09-23 18:49:19,2026-10-01 07:07:01
gizzykick,gizzykick,gizzykick,Kick,Slots & Casino,28,tr,8,BIR ARADAN SONRA🔥💰🎰,2026-09-23T18:34:03Z,,https://kick.com/gizzykick,90124575,01a0cf8b-d578-7245-a02e-b8855270cdb1,2026-09-23 18:49:19,2026-09-23 18:55:47
good_girl21,good_girl21,good_girl21,Kick,Slots & Casino,28,ru,380,КРАСОТКА ДАРИТ 50 спинов БЕЗ ДЕПА каждому (за привязку тг)!,2026-09-23T10:20:29Z,,https://kick.com/good-girl21,69365641,01a0cdc7-f5c8-745b-b481-b81bb82c6baa,2026-09-23 18:49:19,2026-09-23 18:55:47
goodjob44rus,goodjob44rus,goodjob44rus,Kick,Slots & Casino,28,ru,11,"Теперь я не лудоман , а БИЗНЕСМЕН!",2026-09-23T18:40:48Z,,https://kick.com/goodjob44rus,66448773,01a0cf92-0380-716c-bdf3-ba5caa06adfa,2026-09-23 18:49:19,2026-09-23 18:55:47
grendy247,grendy247,grendy247,Kick,Slots & Casino,28,pl,143,OSTATNI DZIEŃ KAPITANA PETERKA PURKERKA  -  !STAKE !G4 !STRONA !JOHNYSKINS #REKLAMA - [VOD @grendy ],2026-09-30T21:54:10Z,True,https://kick.com/grendy247,131855491,01a0f44f-8fd0-7a12-8f17-5e668bd04222,2026-10-01 07:07:01,2026-10-01 07:07:01
guhstrike,guhstrike,guhstrike,Kick,Slots & Casino,28,pt,147,+18 ESSA TA PAGANDO....🔥 SORTEIO HOJE🔥  🔥 DEPOSITA GANHA PIX CHAMA INSTA! 🔥,2026-10-01T03:51:18Z,True,https://kick.com/guhstrike,611844,01a0f596-86f0-74c3-af10-15a018d29da2,2026-09-23 18:49:19,2026-10-01 07:07:01
happyhippie,happyhippie,happyhippie,Kick,Slots & Casino,28,en,12,Freerolling for a BIG Win ! Leaderboard /GA's /!join / !sc,2026-09-23T17:33:26Z,,https://kick.com/happyhippie,41800,01a0cf54-5670-77d0-909f-8319f605492b,2026-09-23 18:49:19,2026-09-23 18:55:47
heymargaux,heymargaux,heymargaux,Kick,Slots & Casino,28,en,267,⭐ HELLOOO OCTOBER - DAY 7 | STAKE#1 | USE CODE: HEYMARGAUX⭐,2026-10-01T06:47:17Z,True,https://kick.com/heymargaux,49021560,01a0f637-a508-721e-843a-586519decb10,2026-10-01 07:07:01,2026-10-01 07:07:01
homeybets,homeybets,homeybets,Kick,Slots & Casino,28,en,298,"$500 RAW START !STAKE | 🔒LOCKED IN🔒| 💰GIVEAWAYS EVERY BIG WIN💰| 🤑$2,000 Wager Leaderboard🤑 | TTS ENABLED !tts",2026-09-23T18:30:25Z,,https://kick.com/homeybets,62393298,01a0cf88-81e8-71b1-83e7-e2c93b9e043b,2026-09-23 18:49:19,2026-09-23 18:55:47
hood_priest,hood_priest,hood_priest,Kick,Slots & Casino,28,en,725,1000$ RAW ft.casino500  // CODE : POMPASTIKA Join the CLUB. !discord,2026-09-23T17:24:50Z,,https://kick.com/hood_priest,1405683,01a0cf4c-76d0-768c-a8ac-49acdd74c97b,2026-09-23 18:49:19,2026-09-23 18:55:47
iMeanIops,imeaniops,iMeanIops,Kick,Slots & Casino,28,en,434,Your throw - your score,2026-09-23T18:51:26Z,,https://kick.com/imeaniops,117785150,01a0cf9b-bfb0-72c9-8eb6-6a9c528437bf,2026-09-23 18:49:19,2026-09-23 18:55:47
iRusSher,irussher,iRusSher,Kick,Slots & Casino,28,en,393,50 LOLLY SUPER BUYS CHALLENGE -> KCMO KOT's SPL ⚔️ !kots FOR 500$ MONTHLY IN PRIZES ⚔️💣 GET YOUR BETS AT !SB 💣,2026-09-23T16:02:48Z,,https://kick.com/irussher,744,01a0cf01-5c40-7d64-8c73-3c15f0f94908,2026-09-23 18:49:19,2026-09-23 18:55:47
ic0nic_tv,ic0nic_tv,ic0nic_tv,Kick,Slots & Casino,28,es,148,HOY FULL BLACKJACK! EN TE APUESTO | IG: iC0NiC_TV,2026-10-01T06:57:46Z,True,https://kick.com/ic0nic_tv,32004349,01a0f641-3e10-7488-9ab0-9e35502a7e70,2026-10-01 07:07:01,2026-10-01 07:07:01
ihat3u,ihat3u,ihat3u,Kick,Slots & Casino,28,ru,172,Черная полоса... -36k$..,2026-09-30T22:05:47Z,True,https://kick.com/ihat3u,28074059,01a0f45a-3278-7b95-8036-f921428bb46c,2026-10-01 07:07:01,2026-10-01 07:07:01
its_PickleTime,its_pickletime,its_PickleTime,Kick,Slots & Casino,28,en,19,🥒 I LOVE GAMBA 🥒$3000 Gamba.com bi-weekly leaderboard🥒 !lb !code 🥒,2026-09-23T18:30:23Z,,https://kick.com/its_pickletime,5620718,01a0cf88-7a18-71ac-ac08-5631b20dbe0e,2026-09-23 18:49:19,2026-09-23 18:55:47
itsdangerr,itsdangerr,itsdangerr,Kick,Slots & Casino,28,en,443,"$4,000 TO YALL TODAY!!! CODE DANGERR on ROOBET+PACKDRAW FOR REWARDS !!!NEED WINS!!!",2026-09-23T18:49:32Z,,https://kick.com/itsdangerr,77880575,01a0cf9a-0260-7282-aea0-4417d6c7ec0f,2026-09-23 18:49:19,2026-09-23 18:55:47
itzzBinngo,itzzbinngo,itzzBinngo,Kick,Slots & Casino,28,ar,1073,🎁,2026-09-23T17:56:32Z,,https://kick.com/itzzbinngo,21567335,01a0cf69-7c80-7aff-a8ac-2ac0bd400d21,2026-09-23 18:49:19,2026-09-23 18:55:47
izumaki18,izumaki18,izumaki18,Kick,Slots & Casino,28,es,179,Monthly in your faceeee !gamdom lets gooooo!!!! Bonus Hunt!!!!,2026-10-01T01:11:05Z,True,https://kick.com/izumaki18,28878,01a0f503-d828-731c-a1de-fe01004006d5,2026-10-01 07:07:01,2026-10-01 07:07:01
japeiwnl,japeiwnl,japeiwnl,Kick,Slots & Casino,28,fil,229,GOOD MORNING ) | !dbbet !skinclub,2026-09-23T18:30:46Z,,https://kick.com/japeiwnl,31383883,01a0cf88-d3f0-703e-be57-986cf4a3b523,2026-09-23 18:49:19,2026-09-23 18:55:47
jawaanek,jawaanek,jawaanek,Kick,Slots & Casino,28,pl,327,"Rozdaje kosę !konkurs 🚨KOD ""JAWAAN""🚨 GIVEAWAY SKINY ZA 43 000 ZŁ! 💥 | !casehug !skiny !holy !dc !gainfps",2026-09-23T16:07:00Z,,https://kick.com/jawaanek,70320823,01a0cf05-34a0-7c65-b634-91dc8dd7a7f7,2026-09-23 18:49:19,2026-09-23 18:55:47
jazzik6,jazzik6,jazzik6,Kick,Slots & Casino,28,ru,10,"💰ЛОВИМ ЗАНОСЫ 💰ЛЯ CASINO
👉НЕ ПРИЗЫВАЮ ИГРАТЬ В КАЗИНО👈
😭ИГРАЯ В КАЗИНО,ВЫ РИСКУЕТЕ ПРОИГРАТЬ ВСЁ!😭",2026-09-23T16:05:32Z,,https://kick.com/jazzik6,4645742,01a0cf03-dce0-7c29-8ea6-4be293a0c6ce,2026-09-23 18:49:19,2026-09-23 18:55:47
jeffraud,jeffraud,jeffraud,Kick,Slots & Casino,28,es,2,Hoy 🌙 cazamos algo enorme 💎,2026-09-23T13:30:55Z,,https://kick.com/jeffraud,110997967,01a0ce76-4e98-7d0d-b731-d0a7557525e9,2026-09-23 18:49:19,2026-09-23 18:55:47
jihau,jihau,jihau,Kick,Slots & Casino,28,en,254,❀ 2.5K Monthly affiliate leaderboard on Gamba.com - !gamba - 85% revenue share for YOU! - Bonus hunt! - Play'n go + Hacksaw + NLC ❀,2026-09-23T16:43:36Z,,https://kick.com/jihau,10095,01a0cf26-b6c0-7277-a791-38a46c8adc26,2026-09-23 18:49:19,2026-09-23 18:55:47
jonkenn,jonkenn,jonkenn,Kick,Slots & Casino,28,en,268,🎉$3000 RAW ON !DUELBITS🎉 $30.000 LB  ON DUELBITS! !TAXFREE !DISCORD !chicken !razed !rain !csgoroll !csgogem,2026-09-23T18:39:18Z,,https://kick.com/jonkenn,296564,01a0cf90-a3f0-72fe-a824-72e418757112,2026-09-23 18:49:19,2026-09-23 18:55:47
juke,juke,juke,Kick,Slots & Casino,28,en,36,OMG GET IN HERE NOW,2026-09-23T18:15:08Z,,https://kick.com/juke,474868,01a0cf7a-83e0-7e1e-b887-c281112ad86b,2026-09-23 18:49:19,2026-09-23 18:55:47
kazemirovvv,kazemirovvv,kazemirovvv,Kick,Slots & Casino,28,ru,342,30к на рамене !tg !ref,2026-09-23T17:43:06Z,,https://kick.com/kazemirovvv,599578,01a0cf5d-3010-7929-b98d-2c4eee5689cc,2026-09-23 18:49:19,2026-09-23 18:55:47
kor0chka,kor0chka,kor0chka,Kick,Slots & Casino,28,ru,263,СЕГОДНЯ УДАЧА НА МОЕЙ СТОРОНЕ,2026-09-23T18:18:57Z,,https://kick.com/kor0chka,107716945,01a0cf7e-0268-7e98-a358-a108f9b69d83,2026-09-23 18:49:19,2026-09-23 18:55:47
kralove_slotu,kralove_slotu,kralove_slotu,Kick,Slots & Casino,28,cs,6,Blackjack a sloty w/Majklos // CZ gamba,2026-09-23T17:38:33Z,,https://kick.com/kralove-slotu,104675192,01a0cf59-05a8-7885-9cf7-71b54315a46b,2026-09-23 18:49:19,2026-09-23 18:55:47
kremwor,kremwor,kremwor,Kick,Slots & Casino,28,en,0,Try your luck again with the new BC GAME casino,2026-09-23T18:50:17Z,,https://kick.com/kremwor,65929349,01a0cf9a-b228-747d-92ca-91983e131db6,2026-09-23 18:49:19,2026-09-23 18:55:47
krus0lter,krus0lter,krus0lter,Kick,Slots & Casino,28,ru,10,Потоковое вещание лудильни,2026-10-01T06:58:40Z,True,https://kick.com/krus0lter,127812103,01a0f642-1100-7269-8c71-a803058fa290,2026-10-01 07:07:01,2026-10-01 07:07:01
kuhlmanvirallinen,kuhlmanvirallinen,kuhlmanvirallinen,Kick,Slots & Casino,28,fi,991,Keskiviikko illan Stream ( !dc !urho !kasinolokki ),2026-09-23T16:59:58Z,,https://kick.com/kuhlmanvirallinen,22146384,01a0cf35-b2b0-730e-b981-df5d2698f4fa,2026-09-23 18:49:19,2026-09-23 18:55:47
kurt_ludobzor,kurt_ludobzor,kurt_ludobzor,Kick,Slots & Casino,28,ru,380,РАЗДАЧА ПРОМОКОДОВ В ПИВО !,2026-09-23T17:26:39Z,,https://kick.com/kurt-ludobzor,32777651,01a0cf4e-2098-76cb-83cd-bb9517213626,2026-09-23 18:49:19,2026-09-23 18:55:47
l1way69,l1way69,l1way69,Kick,Slots & Casino,28,ru,317,😶‍🌫️МАСТЕР BLACKJACK В ГОСТЯХ ДЕП 50.000Р😶‍🌫️,2026-09-23T17:35:02Z,,https://kick.com/l1way69,49193242,01a0cf55-cd70-780e-80c4-65af380499d3,2026-09-23 18:49:19,2026-09-23 18:55:47
leanbarrio5,leanbarrio5,leanbarrio5,Kick,Slots & Casino,28,es,11,"250x  Y LLEVATE   TIPEO PEYYYYYYYYY
!tipeo 1XBET",2026-09-23T18:39:56Z,,https://kick.com/leanbarrio5,3721448,01a0cf91-3860-7319-b085-ebd317f5625a,2026-09-23 18:49:19,2026-09-23 18:55:47
leanguy777,leanguy777,leanguy777,Kick,Slots & Casino,28,ru,1139,DRAGON MONEY 250$ + БОНУСНАЯ СИСТЕМА ОТ МЕНЯ!,2026-09-23T17:55:43Z,,https://kick.com/leanguy777,18578653,01a0cf68-bd18-7ad9-ac52-643c2d11e035,2026-09-23 18:49:19,2026-09-23 18:55:47
lemankiu,lemankiu,lemankiu,Kick,Slots & Casino,28,es,179,"Madrugando en KWEAKE, EN 13 DIAS TERMINA LA LEADERBOARD| $500 LEADERBOARD|!leaderboard !kweake !discord !x",2026-10-01T06:30:21Z,True,https://kick.com/lemankiu,187374,01a0f628-2448-7383-b2e4-d45ca5a88057,2026-10-01 07:07:01,2026-10-01 07:07:01
leo_ftp,leo_ftp,leo_ftp,Kick,Slots & Casino,28,es,61,GAMDOM GIVEAWAYS IN CHAT SE HABLA ESPANOL CHILL STREAM @STEVEWILLDOIT SAVE US,2026-10-01T06:03:42Z,True,https://kick.com/leo-ftp,1401228,01a0f60f-be30-708f-9683-c21ba5c35e8d,2026-10-01 07:07:01,2026-10-01 07:07:01
letgoHQ,letgohq,letgoHQ,Kick,Slots & Casino,28,en,12,LETGO X THRILL WEDNESDAY // HUB // BONUS HUNT // SLEEPY SAMMY?? // EMOJI // MINES // RAIN // LGC,2026-09-23T18:57:39Z,,https://kick.com/letgohq,4371,01a0cfa1-70b8-7587-8090-7dee4123b7c4,2026-09-23 18:55:47,2026-09-23 18:55:47
lieth,lieth,lieth,Kick,Slots & Casino,28,en,228,$500 spinning on gamdom,2026-10-01T05:12:44Z,True,https://kick.com/lieth,51054,01a0f5e1-14e0-7e8e-a193-f5f8c69995c8,2026-10-01 07:07:01,2026-10-01 07:07:01
live_nwc815,live_nwc815,live_nwc815,Kick,Slots & Casino,28,en,2,My first stream.,2026-09-23T07:10:47Z,,https://kick.com/live-nwc815,127204664,01a0cd1a-48d8-7d96-8414-728fe196051f,2026-09-23 18:49:19,2026-09-23 18:55:47
lovefart,lovefart,lovefart,Kick,Slots & Casino,28,ru,27,ЛУЧШАЯ ДЕВУШКА-СТРИМЕР РАЗДАЕТ до 1000 бакs на игру (для первого деПа),2026-09-30T21:07:11Z,True,https://kick.com/lovefart,87514533,01a0f424-8c18-7671-b221-ff9028b325a3,2026-09-23 18:49:19,2026-10-01 07:07:01
lucky_girl13,lucky_girl13,lucky_girl13,Kick,Slots & Casino,28,en,21,BEAUTIFUL GIRL GIVES UP TO $1000 TO VIEWERS ON SHUFFLE !money,2026-09-30T21:06:01Z,True,https://kick.com/lucky-girl13,66562264,01a0f423-7aa8-7444-abef-25a449a9b810,2026-09-23 18:49:19,2026-10-01 07:07:01
lucky_sl0ts,lucky_sl0ts,lucky_sl0ts,Kick,Slots & Casino,28,ru,274,🔴lucky Slots в казино онлайн,2026-09-23T16:22:09Z,,https://kick.com/lucky_sl0ts,1621756,01a0cf13-1368-7fcb-b373-bcc8c962b3fa,2026-09-23 18:49:19,2026-09-23 18:55:47
ludoplay,ludoplay,ludoplay,Kick,Slots & Casino,28,ru,10,слот,2026-09-23T17:27:00Z,,https://kick.com/ludoplay,73311736,01a0cf4e-72a0-76d4-aeff-f4f7cf3fc4fb,2026-09-23 18:49:19,2026-09-23 18:55:47
mia_sintetik,mia_sintetik,mia_sintetik,Kick,Slots & Casino,28,en,2,A long Book of Ra session,2026-09-22T18:05:16Z,,https://kick.com/mia-sintetik,106159824,01a0ca4b-1f60-7a74-9ffb-e22f4dbcbd60,2026-09-23 18:49:19,2026-09-23 18:55:47
mokrysuchar,mokrysuchar,mokrysuchar,Kick,Slots & Casino,28,pl,4094,akcja reakcja | o 17:45 nowy bruce | !fortuna !dzik !casehug #reklama,2026-09-23T14:55:51Z,,https://kick.com/mokrysuchar,185177,01a0cec4-10d8-75c6-a7bd-5277ff6926f1,2026-09-23 18:55:47,2026-09-23 18:55:47
moneyxstream,moneyxstream,moneyxstream,Kick,Slots & Casino,28,ru,932,КОЛЕСА ДЛЯ ВСЕХ ЗАХОДИ MONEY-X,2026-10-01T05:59:55Z,True,https://kick.com/moneyxstream,89513471,01a0f60c-4778-7283-b4a0-bfd2962619eb,2026-09-23 18:49:19,2026-10-01 07:07:01
murodayi0,murodayi0,murodayi0,Kick,Slots & Casino,28,tr,11,TELEGRAM ARAMIZA KATIL,2026-09-23T18:15:13Z,,https://kick.com/murodayi0,125439616,01a0cf7a-9768-7f83-8892-eeeb8230bd40,2026-09-23 18:49:19,2026-09-23 18:55:47
mykalcruz,mykalcruz,mykalcruz,Kick,Slots & Casino,28,en,4,HERRO!! 92 DAYS UNTIL 3 YEARS OF STREAMING EVERYDAY!!! DAY 1003/1095 OF STREAMING EVERYDAY!!!!,2026-09-23T17:30:54Z,,https://kick.com/mykalcruz,1593271,01a0cf52-04b0-78dd-a133-41055757cac5,2026-09-23 18:49:19,2026-09-23 18:55:47
mysticjayy,mysticjayy,mysticjayy,Kick,Slots & Casino,28,en,295,WIN IS MY DESTINY 😎😎 00 DA KICK 🙅‍♂️🙅‍♂️| CODE MOOSEBRAZIL | RAW BALANCE 💵💵|  !YEET,2026-09-23T18:01:12Z,,https://kick.com/mysticjayy,59129916,01a0cf6d-c240-7d30-bc5f-33899003d2b6,2026-09-23 18:49:19,2026-09-23 18:55:47
nash6785,nash6785,nash6785,Kick,Slots & Casino,28,en,147,$200 Bonus Drop for All New Signups,2026-10-01T01:32:15Z,True,https://kick.com/nash6785,119121169,01a0f517-3918-7834-b1e9-2fb8cb91ac59,2026-10-01 07:07:01,2026-10-01 07:07:01
nayuplive,nayuplive,nayuplive,Kick,Slots & Casino,28,en,5,"BONUS HUNT - DEDPRZ - SLOTS & CASINO

https://dedprz.com/r/nayup",2026-09-23T18:19:09Z,,https://kick.com/nayuplive,124828967,01a0cf7e-3148-700c-bfa8-d9e029cdd4ae,2026-09-23 18:49:19,2026-09-23 18:55:47
neludic,neludic,neludic,Kick,Slots & Casino,28,ru,154,покупаем бонусы зрителям,2026-09-30T23:05:05Z,True,https://kick.com/neludic,2997266,01a0f490-7ce8-72c5-8e01-82663efb27de,2026-09-23 18:49:19,2026-10-01 07:07:01
newname,newname,newname,Kick,Slots & Casino,28,en,7,LOCKED IN FARMING HOURS LOOKING EXTRA CHOPPED,2026-10-01T07:06:26Z,True,https://kick.com/newname,268725,01a0f649-2d50-74cb-9cca-2e26f1d32bbc,2026-10-01 07:07:01,2026-10-01 07:07:01
olivercito3,olivercito3,olivercito3,Kick,Slots & Casino,28,en,250,+18┃GIVEAWAYS every stream┃ SIGN UP -> !casino !discord !store,2026-09-23T18:28:23Z,,https://kick.com/olivercito3,6351307,01a0cf86-a558-7ff7-9e03-545474c43811,2026-09-23 18:49:19,2026-09-23 18:55:47
onenunmberslots,onenunmberslots,onenunmberslots,Kick,Slots & Casino,28,es,848,FAIRPARII 3/5 !DS TIPEOS DS,2026-09-23T18:44:32Z,,https://kick.com/onenunmberslots,96236244,01a0cf95-6e80-71de-bc50-1bbcfb789e3d,2026-09-23 18:49:19,2026-09-23 18:55:47
opticalrr,opticalrr,opticalrr,Kick,Slots & Casino,28,es,385,"si, soy un mercenario !betwinner",2026-09-23T18:11:07Z,,https://kick.com/opticalrr,4979143,01a0cf76-d678-7ee5-b1de-030ce2a605a5,2026-09-23 18:49:19,2026-09-23 18:55:47
papaztv,papaztv,papaztv,Kick,Slots & Casino,28,tr,21,playstation 5 hediyeli yayın serüvenine hoş geldiniz,2026-09-23T18:20:16Z,,https://kick.com/papaztv,78134116,01a0cf7f-3700-702d-ad28-c0b91ed8114f,2026-09-23 18:49:19,2026-09-23 18:55:47
perlovochka,perlovochka,perlovochka,Kick,Slots & Casino,28,ru,259,"Вернулся с запоя ,чтобы проебать зп с завода",2026-10-01T06:22:23Z,True,https://kick.com/perlovochka,92872139,01a0f620-d918-7147-b9af-89d1e5384858,2026-09-23 18:49:19,2026-10-01 07:07:01
picante4200,picante4200,picante4200,Kick,Slots & Casino,28,es,148,"Stream Chillon, hoy!!! IRL! Timba! Frestyle, Cs  Y MaS, Veni a charlar ARG",2026-09-30T23:22:54Z,True,https://kick.com/picante4200,29503219,01a0f4a0-ccb0-7773-90a5-9f005dd10deb,2026-10-01 07:07:01,2026-10-01 07:07:01
pissedXD,pissedxd,pissedXD,Kick,Slots & Casino,28,en,378,FREE ROLLING | GIVEAWAYS EVERY 300x on Stake | not sponsored | !vpn | !discord,2026-09-23T18:30:34Z,,https://kick.com/pissedxd,532127,01a0cf88-a510-71b7-afb1-b667f381332f,2026-09-23 18:49:19,2026-09-23 18:55:47
plohoyparen,plohoyparen,plohoyparen,Kick,Slots & Casino,28,ru,3104,новый день новый деп,2026-09-23T18:24:06Z,,https://kick.com/plohoyparen,33480,01a0cf82-b970-7f50-8711-15cd4fd47362,2026-09-23 18:49:19,2026-09-23 18:55:47
povarry,povarry,povarry,Kick,Slots & Casino,28,en,0,🚀 BIGGERZ - 600$ 🚀,2026-09-23T18:48:47Z,,https://kick.com/povarry,96442875,01a0cf99-5298-7268-aac5-8bd40b829701,2026-09-23 18:49:19,2026-09-23 18:55:47
prudent,prudent,prudent,Kick,Slots & Casino,28,en,268,!calls for tips on !chicken !castle,2026-09-23T17:57:45Z,,https://kick.com/prudent,10930,01a0cf6a-99a8-7c87-8c5e-515d8efeecdd,2026-09-23 18:49:19,2026-09-23 18:55:47
radiobtw,radiobtw,radiobtw,Kick,Slots & Casino,28,en,8,🚨 $400 RAW START ON STAKE.US !stake !stakeus 🚨 DOING SLOT CALLS 🚨 $1500 LEADERBOARD LIVE !lb 🚨,2026-09-23T18:04:03Z,,https://kick.com/radiobtw,2325759,01a0cf70-5e38-7c37-b1a6-e05ab13ed6e4,2026-09-23 18:49:19,2026-09-23 18:55:47
real_bazzi,real_bazzi,real_bazzi,Kick,Slots & Casino,28,de,903,BAZZI BACK ON KICK <3 | !bonus,2026-09-23T18:48:07Z,,https://kick.com/real_bazzi,769155,01a0cf98-b658-7435-bf15-abcf77609cbe,2026-09-23 18:49:19,2026-09-23 18:55:47
realyray_gambl,realyray_gambl,realyray_gambl,Kick,Slots & Casino,28,en,43,Deposit 4500$ || DAY B,2026-09-23T18:51:17Z,,https://kick.com/realyray-gambl,69298199,01a0cf9b-9c88-72c4-aa4b-1d80672c1eff,2026-09-23 18:49:19,2026-09-23 18:55:47
rembosik,rembosik,rembosik,Kick,Slots & Casino,28,ru,218,Мурчим о поездке в Бурмалдендию,2026-09-23T16:32:39Z,,https://kick.com/rembosik,102340364,01a0cf1c-b058-7f84-988e-fc10cd34b8fe,2026-09-23 18:49:19,2026-09-23 18:55:47
richrussiankids,richrussiankids,richrussiankids,Kick,Slots & Casino,28,ru,1283,Деп 4k$ | Stake | Кешбек 100% в чате | Колеса в чате,2026-09-23T18:16:13Z,,https://kick.com/richrussiankids,11959519,01a0cf7b-81c8-7fad-823a-7c0af6a2a783,2026-09-23 18:49:19,2026-09-23 18:55:47
ronbielecki,ronbielecki,ronbielecki,Kick,Slots & Casino,28,de,476,MIt 7500€ AUF STAKE SLOTTEN !casino 🌪️Rolex gewinnspiel-> !Rolex 🌪2x 50€ Amazon Karten und 5x 50€ Wunschgutschein Karten heute -> !tornado,2026-09-23T18:08:16Z,,https://kick.com/ronbielecki,3073205,01a0cf74-3a80-7e68-94cc-5336d7dece9a,2026-09-23 18:49:19,2026-09-23 18:55:47
ronsnake88,ronsnake88,ronsnake88,Kick,Slots & Casino,28,fi,12,Random bonus buy 2x home kimppa löytyy-> !dc | !latest |,2026-09-23T14:49:30Z,,https://kick.com/ronsnake88,1642867,01a0cebe-4090-7520-80d9-5c8e689bfff6,2026-09-23 18:49:19,2026-09-23 18:55:47
running_beauty,running_beauty,running_beauty,Kick,Slots & Casino,28,en,23,💋 Visit the top crypto casino: 15% rakeback + 40% cashback and instant withdrawals.,2026-09-30T21:06:53Z,True,https://kick.com/running_beauty,69782932,01a0f424-45c8-7460-800b-89b1b9f20a03,2026-09-23 18:49:19,2026-10-01 07:07:01
s1rnyisant4s,s1rnyisant4s,s1rnyisant4s,Kick,Slots & Casino,28,en,80,"Yes, this is a normal 
 / - 600$ DEP",2026-09-23T18:51:10Z,,https://kick.com/s1rnyisant4s,38630989,01a0cf9b-8130-72be-883c-75f581438392,2026-09-23 18:49:19,2026-09-23 18:55:47
sahinagakick,sahinagakick,sahinagakick,Kick,Slots & Casino,28,tr,15,ŞAHİN AĞA -  SELAM  !Stake,2026-09-23T17:58:28Z,,https://kick.com/sahinagakick,35211699,01a0cf6b-41a0-7b4c-813c-563e7e9e7bf3,2026-09-23 18:49:19,2026-09-23 18:55:47
samgamba,samgamba,samgamba,Kick,Slots & Casino,28,en,10,LETS SPIN SOME SLOTS | !gamba !website !grailed,2026-09-23T18:56:06Z,,https://kick.com/samgamba,1070030,01a0cfa0-0570-7360-b7c6-fc6660308345,2026-09-23 18:55:47,2026-09-23 18:55:47
samirpodarki1234,samirpodarki1234,samirpodarki1234,Kick,Slots & Casino,28,ru,343,UPX!,2026-09-23T17:49:06Z,,https://kick.com/samirpodarki1234,89734751,01a0cf62-ae50-79e3-b431-161e9bfbb732,2026-09-23 18:49:19,2026-09-23 18:49:19
sanjualol,sanjualol,sanjualol,Kick,Slots & Casino,28,es,3,streams todos los dias a las 15hs arg,2026-09-23T18:13:10Z,,https://kick.com/sanjualol,10640837,01a0cf78-b6f0-7dd9-a863-d07a661cc775,2026-09-23 18:49:19,2026-09-23 18:55:47
sayian88,sayian88,sayian88,Kick,Slots & Casino,28,fr,2,bad call = TIPS / 4000€ a win ce mois ci🎁 1500€ DE CASH COMPTANT ! Wager Race 1000€  ! +20€ hebdo sur mon site mistertopcasino ( le meilleur site fr ),2026-09-23T15:44:15Z,,https://kick.com/sayian88,54109749,01a0cef0-6098-79a3-aeae-c175613dbdd0,2026-09-23 18:49:19,2026-09-23 18:55:47
sbtssj,sbtssj,sbtssj,Kick,Slots & Casino,28,es,102,hoy STREAM TIRANDO BEFF METETE TIGA.GAME,2026-10-01T05:30:22Z,True,https://kick.com/sbtssj,6625269,01a0f5f1-39b0-7138-9140-4cba8ddeb4b1,2026-10-01 07:07:01,2026-10-01 07:07:01
schlump,schlump,schlump,Kick,Slots & Casino,28,en,936,LATE NIGHT ENTERTAINMENT👑KC3 ALLEGATIONS + GETTING KIRKED EVERYDAY👑KICK-A-THON SOON👑FORTNITE INTO MAX INTO MC 212/365,2026-10-01T03:17:54Z,True,https://kick.com/schlump,1505408,01a0f577-f2d0-71dc-a10c-773155103e41,2026-10-01 07:07:01,2026-10-01 07:07:01
sharkz,sharkz,sharkz,Kick,Slots & Casino,28,en,256,6K Freestyle | !stake | 30$x5 Today | Ex LoL Pro,2026-09-23T17:30:09Z,,https://kick.com/sharkz,135766,01a0cf51-54e8-78bd-9af1-84389dad9496,2026-09-23 18:49:19,2026-09-23 18:55:47
shiibbbster,shiibbbster,shiibbbster,Kick,Slots & Casino,28,en,34,"1500$ START ON STAKE | DICE RUINED MY LIFE   | $25,000 IN MONTHLY REWARDS, $10K LB | !LEADERBOARD !STAKE",2026-09-23T18:35:12Z,,https://kick.com/shiibbbster,178730,01a0cf8c-e300-726f-917d-8fde4f436e52,2026-09-23 18:49:19,2026-09-23 18:55:47
sixchris,sixchris,sixchris,Kick,Slots & Casino,28,en,367,Fight me in !castle lets gooooooooo,2026-09-23T18:39:38Z,,https://kick.com/sixchris,16799,01a0cf90-f210-7149-ae13-e96efca9ab6d,2026-09-23 18:49:19,2026-09-23 18:55:47
soyyorene,soyyorene,soyyorene,Kick,Slots & Casino,28,es,145,Rene Ft. Moxi,2026-10-01T06:05:36Z,True,https://kick.com/soyyorene,36627056,01a0f611-7b80-709d-ba65-059203053119,2026-10-01 07:07:01,2026-10-01 07:07:01
ssshah,ssshah,ssshah,Kick,Slots & Casino,28,en,34,new lb luck.. pls?| 700$ START | 1K LB |  !discord !lb !degen,2026-09-23T18:19:56Z,,https://kick.com/ssshah,17764954,01a0cf7e-e8e0-7ebb-b3fd-e1c4e12f2cd0,2026-09-23 18:49:19,2026-09-23 18:55:47
stemig,stemig,stemig,Kick,Slots & Casino,28,en,289,🔥🔥🔥BANGGGGGGGGGGG WE BACK🔥🔥🔥 CODE STEMIG BOYSSS | stemig.site 💙💙💙🥶🥶🥶🔵🔵🔵 !stake,2026-09-23T18:44:58Z,,https://kick.com/stemig,63359595,01a0cf95-d410-73c7-9b39-f2b547e087e8,2026-09-23 18:49:19,2026-09-23 18:55:47
steroslots,steroslots,steroslots,Kick,Slots & Casino,28,en,28,🔴 STERO LIVE 🔴 RUNDA 4️⃣ CU ZINX  🔄💪 MOD RECUPERATION 🔥,2026-09-23T18:04:49Z,,https://kick.com/steroslots,1408205,01a0cf71-11e8-7dce-8a08-a9882cd36a4d,2026-09-23 18:49:19,2026-09-23 18:55:47
t0rtick,t0rtick,t0rtick,Kick,Slots & Casino,28,ru,140,чилловый парень киковской,2026-10-01T06:06:52Z,True,https://kick.com/t0rtick,24360566,01a0f612-a460-70ae-8f54-b85d74c47dde,2026-10-01 07:07:01,2026-10-01 07:07:01
tamersuleiman,tamersuleiman,tamersuleiman,Kick,Slots & Casino,28,ar,300,lets have fun,2026-09-23T16:59:04Z,,https://kick.com/tamersuleiman,89071358,01a0cf34-dfc0-72ea-9924-e5375f0970ab,2026-09-23 18:49:19,2026-09-23 18:55:47
theHustleHouse,thehustlehouse,theHustleHouse,Kick,Slots & Casino,28,en,183,🤑 💨 Everyday We Hustlin! w/ @EXECUT3  @lefunnemonke 💨 🤑 hustlehouse.bet 💰 !daddy !skinrave !csbattle !unbox !lb !dc,2026-09-23T18:03:37Z,,https://kick.com/thehustlehouse,39345985,01a0cf6f-f8a8-7d98-8b80-2497b303a220,2026-09-23 18:49:19,2026-09-23 18:55:47
thegambizz,thegambizz,thegambizz,Kick,Slots & Casino,28,en,290,100000000 cashout.- FREE 20$ SIGNUP - !STAKE !DISCORD !WEBSITE,2026-09-23T17:59:22Z,,https://kick.com/thegambizz,22711,01a0cf6c-1490-7ccb-bf85-54fed7f2a94e,2026-09-23 18:49:19,2026-09-23 18:55:47
topbonusio,topbonusio,topbonusio,Kick,Slots & Casino,28,es,196,🚀 5€ GRATIS !PS 🚀 ROAD TO 15.000€ EN POKERSTARS 🚀 | !ps | !discord | !topbonus www.topbonus.io #ad +18,2026-09-23T18:23:51Z,,https://kick.com/topbonusio,5914448,01a0cf82-7ed8-7f43-8eaa-f5349fd8f24d,2026-09-23 18:49:19,2026-09-23 18:55:47
tra0inwrheck6stv,tra0inwrheck6stv,tra0inwrheck6stv,Kick,Slots & Casino,28,en,4398,$1000 FREE START — Limited Time 💎💰🎰,2026-10-01T07:02:28Z,True,https://kick.com/tra0inwrheck6stv,132224373,01a0f645-8ba0-74b2-a0e6-6e6c7b620a52,2026-10-01 07:07:01,2026-10-01 07:07:01
travellingdegens,travellingdegens,travellingdegens,Kick,Slots & Casino,28,en,318,DEGEN SESSION WITH CHUPPY | GOOD VIBES | !RAINBET,2026-10-01T06:00:29Z,True,https://kick.com/travellingdegens,110302546,01a0f60c-cc48-7071-9e61-c9ce197daef5,2026-10-01 07:07:01,2026-10-01 07:07:01
v1mojo,v1mojo,v1mojo,Kick,Slots & Casino,28,en,8,BATTLEBLOX - 250$ LEADERBOARD - BGAMING SLOTS OUT!!! - TIP GOOD CALLS,2026-09-23T18:14:43Z,,https://kick.com/v1mojo,120087825,01a0cf7a-2238-7e0b-9e88-ff8c48aabd73,2026-09-23 18:49:19,2026-09-23 18:55:47
valterwalkerufc,valterwalkerufc,valterwalkerufc,Kick,Slots & Casino,28,pt,12,Bora jogar !bcgame !telegram,2026-09-23T17:48:07Z,,https://kick.com/valterwalkerufc,78199706,01a0cf61-c7d8-7b41-b9ff-400673a3742b,2026-09-23 18:49:19,2026-09-23 18:55:47
vetruch,vetruch,vetruch,Kick,Slots & Casino,28,ru,445,Заносим по-страшному! Постоянные розыгрыши / с VPN,2026-09-23T18:47:35Z,,https://kick.com/vetruch,85579554,01a0cf98-3958-741b-a457-3845c0fd7ef0,2026-09-23 18:49:19,2026-09-23 18:55:47
vinislots,vinislots,vinislots,Kick,Slots & Casino,28,pt,4,"CALL PREMIADA, DOBROU TEM BANCA!",2026-09-23T18:42:19Z,,https://kick.com/vinislots,128466979,01a0cf93-66f8-7371-9eaa-1815846d7ff3,2026-09-23 18:49:19,2026-09-23 18:55:47
voodoolud777,voodoolud777,voodoolud777,Kick,Slots & Casino,28,ru,5,застрахуй братуху ⭕ розыгрыши 🔴 алкаголизирую,2026-09-23T17:04:45Z,,https://kick.com/voodoolud777,83457431,01a0cf3a-13c8-73d7-ad2b-dc106c48ae1b,2026-09-23 18:49:19,2026-09-23 18:55:47
vvanity,vvanity,vvanity,Kick,Slots & Casino,28,en,43,🎉✨: HUGE Promotions/Leaderboards!💰!Raw365. Wager Back & Epic Action!,2026-09-23T18:23:41Z,,https://kick.com/vvanity,15284038,01a0cf82-57c8-7f3d-afbf-d1ef58400578,2026-09-23 18:49:19,2026-09-23 18:55:47
wannagambles,wannagambles,wannagambles,Kick,Slots & Casino,28,en,362,Razed 24/7 afk maybe🧃| 24/7 GIVEAWAYS and Tips 🎉 !site !VIP !claim !clipper !stake 60K in prizes and leaderboards,2026-09-29T10:51:07Z,True,https://kick.com/wannagambles,108229841,01a0ecca-2978-7ede-b5c0-1993952dd193,2026-09-23 18:49:19,2026-10-01 07:07:01
weazy,weazy,weazy,Kick,Slots & Casino,28,en,360,apex and train spins,2026-10-01T06:20:40Z,True,https://kick.com/weazy,51809,01a0f61f-46c0-7333-8be6-4eecd72dbfc3,2026-10-01 07:07:01,2026-10-01 07:07:01
welbur99,welbur99,welbur99,Kick,Slots & Casino,28,ru,0,pari pari pari I !tg !pari,2026-09-23T18:58:54Z,,https://kick.com/welbur99,61558795,01a0cfa2-95b0-73c2-8ba9-383a6da38a7e,2026-09-23 18:55:47,2026-09-23 18:55:47
winstrol,winstrol,winstrol,Kick,Slots & Casino,28,en,280,2000$ START ON MEXIWIN.COM !mexiwin,2026-09-23T17:59:05Z,,https://kick.com/winstrol,45633,01a0cf6b-d228-7b66-85a0-9c84e8c25b3b,2026-09-23 18:49:19,2026-09-23 18:55:47
woozie_muu,woozie_muu,woozie_muu,Kick,Slots & Casino,28,es,1,casino slots historias de crimen,2026-09-23T17:28:17Z,,https://kick.com/woozie-muu,48338869,01a0cf4f-9f68-7880-b5f6-3061935cebd7,2026-09-23 18:49:19,2026-09-23 18:55:47
wuskin,wuskin,wuskin,Kick,Slots & Casino,28,en,545,OPENING 39 BONUSES! $40K RACE !roobet !deal,2026-09-23T17:54:02Z,,https://kick.com/wuskin,313451,01a0cf67-3290-7a9d-a520-ce8a2b7bc959,2026-09-23 18:49:19,2026-09-23 18:55:47
xBLuRx,xblurx,xBLuRx,Kick,Slots & Casino,28,en,10,Stake #OnMyDeadHomies,2026-10-01T03:54:52Z,True,https://kick.com/xblurx,276315,01a0f599-cae0-7507-afe2-6ad176f58323,2026-10-01 07:07:01,2026-10-01 07:07:01
xSketchy,xsketchy,xSketchy,Kick,Slots & Casino,28,en,18,"We live, playing luxdrop!",2026-09-23T18:55:24Z,,https://kick.com/xsketchy,19942303,01a0cf9f-6160-7532-b2a6-b05cd29c6039,2026-09-23 18:55:47,2026-09-23 18:55:47
xZANOSYCHx,xzanosychx,xZANOSYCHx,Kick,Slots & Casino,28,ru,35,🎈300 ФРИСПИНОВ ВСЕМ | !бонус,2026-10-01T02:53:23Z,True,https://kick.com/xzanosychx,131640612,01a0f561-80b8-7181-b0f9-af34f0b97481,2026-10-01 07:07:01,2026-10-01 07:07:01
xeri,xeri,xeri,Kick,Slots & Casino,28,en,237,"🟪 $1,500 RAW BONUS HUNT ON STAKE 🟪 $10,000 LEADERBOARD STARTED -> xeriffer.com 🟪 DAILY GIVEAWAYS -> !discord 🟪",2026-09-23T18:25:31Z,,https://kick.com/xeri,98453254,01a0cf84-0578-7f8d-9b69-2f693ad5993e,2026-09-23 18:49:19,2026-09-23 18:55:47
yamodnic,yamodnic,yamodnic,Kick,Slots & Casino,28,es,1,Si sale bono 🎁 esto se rompe 💥,2026-09-23T11:02:31Z,,https://kick.com/yamodnic,111033430,01a0cdee-7158-74cb-8f1c-25e2d0107a09,2026-09-23 18:49:19,2026-09-23 18:55:47
z4ntu_live,z4ntu_live,z4ntu_live,Kick,Slots & Casino,28,en,171,"$350 RAW DEPO | $3,000 Leaderboard !LB !duelbits",2026-09-23T18:21:23Z,,https://kick.com/z4ntu-live,32785460,01a0cf80-3cb8-7ef0-8168-f15c171aecdf,2026-09-23 18:49:19,2026-09-23 18:55:47
zeedudeiest,zeedudeiest,zeedudeiest,Kick,Slots & Casino,28,en,155,help troubleshoot my stream for a handy... man,2026-10-01T04:19:38Z,True,https://kick.com/zeedudeiest,85517533,01a0f5b0-7790-7d79-82f5-2c4dfe35d524,2026-10-01 07:07:01,2026-10-01 07:07:01
zernovkaxd,zernovkaxd,zernovkaxd,Kick,Slots & Casino,28,ru,601,210.000 ДЕПОЗИТ (18+) !тг,2026-09-23T16:31:56Z,,https://kick.com/zernovkaxd,1621598,01a0cf1c-0860-7f6e-a866-e23cd4530cce,2026-09-23 18:49:19,2026-09-23 18:49:19
ziggyslots,ziggyslots,ziggyslots,Kick,Slots & Casino,28,en,30,€4.000 Hunt - Chaos Week (24+),2026-09-23T17:54:03Z,,https://kick.com/ziggyslots,36438205,01a0cf67-3678-7a9d-8705-89d5343e9f49,2026-09-23 18:49:19,2026-09-23 18:55:47
zzeqq,zzeqq,zzeqq,Kick,Slots & Casino,28,en,255,$15000 thrill Start Chill vibes took a little break now we back,2026-10-01T07:00:11Z,True,https://kick.com/zzeqq,4846689,01a0f643-7478-7498-9c12-82e43f0b3950,2026-10-01 07:07:01,2026-10-01 07:07:01
abtekk21,abtekk21,Abtekk21,Twitch,Slots,498566,de,26,Hait Rööla mit Haubtschuhl Diblom im Bläkjäck🤘 | !15€ Bonus 💸,2026-09-23T18:17:01Z,False,https://www.twitch.tv/abtekk21,535701003,318750452838,2026-09-23 18:55:47,2026-09-23 18:55:47
adamkissak,adamkissak,AdamKissAK,Twitch,Slots,498566,en,199,"Egy kis esti pénzcsináló, royalsea 200k max co 2k wager 5x lets try it !links gogo (22.00 még lehet lesz lol!)",2026-09-23T18:30:40Z,False,https://www.twitch.tv/adamkissak,66996733,318693977317,2026-09-23 18:55:47,2026-09-23 18:55:47
adderiyqq,adderiyqq,adderiyqq,Twitch,Slots,498566,en,271,ohhh okey,2026-09-23T18:20:00Z,False,https://www.twitch.tv/adderiyqq,880263365,316974155476,2026-09-23 18:55:47,2026-09-23 18:55:47
aitonsilver,aitonsilver,aitonsilver,Twitch,Magic: The Gathering,2748,en,0,If I don't respond right away don't leave! Message a couple times to get my attention.,2026-09-23T18:33:50Z,False,https://www.twitch.tv/aitonsilver,1522338168,320355724382,2026-09-23 18:49:19,2026-09-23 18:49:19
akimatsu03,akimatsu03,akimatsu03,Twitch,Magic: The Gathering,2748,en,3,Cube and tunes.,2026-09-23T13:18:05Z,False,https://www.twitch.tv/akimatsu03,159356481,321551337562,2026-09-23 18:49:19,2026-09-23 18:49:19
alchemist743,alchemist743,Alchemist743,Twitch,Magic: The Gathering,2748,en,1,AG: fist time playing WOW,2026-09-23T18:43:21Z,False,https://www.twitch.tv/alchemist743,58409699,319327295319,2026-09-23 18:49:19,2026-09-23 18:49:19
alexjj,alexjj,AlexJJ,Twitch,Slots,498566,en,1,💸$5 FREE 100% DEPOSIT MATCH //  $350 GIVEAWAYS EVERY SUNDAY💸REFERAL: AlexJJ,2026-10-01T04:48:08Z,False,https://www.twitch.tv/alexjj,81636527,318836439782,2026-10-01 07:07:01,2026-10-01 07:07:01
alieldrazi,alieldrazi,AliEldrazi,Twitch,Magic: The Gathering,2748,en,91,Early Access Extropoliate the Impossible brew! | Short stream for me,2026-09-23T17:59:32Z,False,https://www.twitch.tv/alieldrazi,30666385,321553312602,2026-09-23 18:49:19,2026-09-23 18:49:19
alves,alves,Alves,Twitch,Slots,498566,pt,45,BONUS HUNT | START : 500$ | NOVA CASA | LINK AFIXADO❗,2026-09-23T18:33:11Z,False,https://www.twitch.tv/alves,427142661,317829497572,2026-09-23 18:55:47,2026-09-23 18:55:47
amaz,amaz,Amaz,Twitch,Magic: The Gathering,2748,en,422,New Set DRAFT!! | !mtgpodcast #thankswizards,2026-09-23T14:32:56Z,False,https://www.twitch.tv/amaz,43356746,320353959390,2026-09-23 18:49:19,2026-09-23 18:49:19
amazonian,amazonian,Amazonian,Twitch,Magic: The Gathering,2748,en,563,Draft | Reality Fracture Early Access Stream - WHO WANTS SOME JACE?,2026-09-23T12:57:36Z,False,https://www.twitch.tv/amazonian,75975979,320353430238,2026-09-23 18:49:19,2026-09-23 18:49:19
andresuarez,andresuarez,AndreSuarez,Twitch,Magic: The Gathering,2748,es,11,🎥 Commander + Grabación de Video,2026-09-23T16:00:24Z,False,https://www.twitch.tv/andresuarez,43933756,320448756060,2026-09-23 18:49:19,2026-09-23 18:49:19
andrewtatter,andrewtatter,andrewtatter,Twitch,Slots,498566,ru,1,мы проигрываем...,2026-09-23T18:27:53Z,False,https://www.twitch.tv/andrewtatter,892573795,318750592870,2026-09-23 18:55:47,2026-09-23 18:55:47
anedube,anedube,anedube,Twitch,Slots,498566,en,1,,2026-09-30T09:12:13Z,False,https://www.twitch.tv/anedube,877730126,316298319212,2026-10-01 07:07:01,2026-10-01 07:07:01
anti_negative_,anti_negative_,anti_negative_,Twitch,Magic: The Gathering,2748,en,28,REALITY FRACTURE EARLY ACCESS! NEW BREWS |!shirt |!discord |!youtube |!soundcloud,2026-09-23T17:49:54Z,False,https://www.twitch.tv/anti_negative_,189172074,318193218776,2026-09-23 18:49:19,2026-09-23 18:49:19
aommylivechanel,aommylivechanel,Aommylivechanel,Twitch,Slots,498566,th,60,Echo67🔴 Live  🔴Aommylivechannel,2026-10-01T06:05:41Z,False,https://www.twitch.tv/aommylivechanel,1442007601,316128223593,2026-10-01 07:07:01,2026-10-01 07:07:01
artikdrill,artikdrill,ArtikDrill,Twitch,Slots,498566,ru,379,ПЛОТНАЯ РУБКАААА,2026-09-23T18:16:24Z,False,https://www.twitch.tv/artikdrill,886573994,318693733349,2026-09-23 18:55:47,2026-09-23 18:55:47
ashlizzlle,ashlizzlle,ashlizzlle,Twitch,Magic: The Gathering,2748,en,990,THE BEST REALITY FRACTURE EARLY ACCESS BREWS💙!cardconduit !barge !patreon !ultimateguard,2026-09-23T16:51:31Z,False,https://www.twitch.tv/ashlizzlle,121676028,318554019303,2026-09-23 18:49:19,2026-09-23 18:49:19
b0s_slots10,b0s_slots10,b0s_slots10,Twitch,Slots,498566,en,7,"+21 SLOTS |VERTIGO| Short,No visions 💜",2026-09-23T18:44:39Z,False,https://www.twitch.tv/b0s_slots10,872370821,318694223205,2026-09-23 18:55:47,2026-09-23 18:55:47
baldurslight,baldurslight,BaldursLight,Twitch,Magic: The Gathering,2748,en,9,Baldest Pro Streamer Probably | !ɢɪʀᴜᴅᴏ !ʀᴏɢᴜᴇ !ᴄᴀɴᴅʟᴇ / !ᴄᴀɴᴅʟᴇᴄᴏᴅᴇ !ꜱᴜʙᴛᴇᴍʙᴇʀ !ᴄᴏɴᴠᴏᴋᴇ | #FGC | #ᴛᴇᴀᴍᴀᴇᴛʜᴇʀ,2026-09-23T15:47:35Z,False,https://www.twitch.tv/baldurslight,596703792,320489965792,2026-09-23 18:49:19,2026-09-23 18:49:19
bam4real,bam4real,bam4real,Twitch,Magic: The Gathering,2748,en,21,"[18+] Hump day with Bam, maybe i make a rogue today🍃💨Blazed Adventures of Bam 😶‍🌫️ 545 in a row🌬️!sr !dubz !vanish !lurk",2026-09-23T16:24:29Z,False,https://www.twitch.tv/bam4real,136149876,321552578650,2026-09-23 18:49:19,2026-09-23 18:49:19
basssultanhengzt45,basssultanhengzt45,BassSultanHengzt45,Twitch,Slots,498566,de,892,90K SLOTS mit HARRY SLOTTER! | !BONUS in den chat für die besten Angebote !!!!,2026-09-23T17:33:23Z,False,https://www.twitch.tv/basssultanhengzt45,625831970,318554678375,2026-09-23 18:55:47,2026-09-23 18:55:47
batonifps,batonifps,batonifps,Twitch,Magic: The Gathering,2748,pt,0,MTGA - DEPOIS UM WARDOGO,2026-09-23T18:03:35Z,False,https://www.twitch.tv/batonifps,153649026,318986973814,2026-09-23 18:49:19,2026-09-23 18:49:19
bertrandjay,bertrandjay,bertrandjay,Twitch,Slots,498566,fr,226,"🔥 LE KING EST DE RETOUR ! Aujourd'hui, on fait sauter la banque sur chaque machine. 👉 Ne rate pas ton super bonus tout de suite ! ✨💵",2026-09-23T08:03:53Z,False,https://www.twitch.tv/bertrandjay,1542236148,318744496230,2026-09-23 18:55:47,2026-09-23 18:55:47
betoncalvin,betoncalvin,BetOnCalvin,Twitch,Slots,498566,de,59,💥Kurz Geld abholen | !Dc für 20$ + 250 Fs ohne Einzahlung | calvinbonus.com 💥[+18] !Bonus | 2000$ Leaderboard,2026-09-23T18:30:35Z,False,https://www.twitch.tv/betoncalvin,485987371,318555663463,2026-09-23 18:55:47,2026-09-23 18:55:47
bladedragonic,bladedragonic,bladedragonic,Twitch,Slots,498566,en,1,where winds meet,2026-09-30T18:06:22Z,False,https://www.twitch.tv/bladedragonic,1522634478,318775432805,2026-10-01 07:07:01,2026-10-01 07:07:01
bokixareb,bokixareb,bokixareb,Twitch,Slots,498566,en,1,,2026-09-30T09:00:13Z,False,https://www.twitch.tv/bokixareb,877729137,316328455021,2026-10-01 07:07:01,2026-10-01 07:07:01
bonusmontegamesslots,bonusmontegamesslots,bonusmontegamesslots,Twitch,Slots,498566,de,232,"💎 HIGH-ROLLER MODUS AKTIVIERT! 👑 Keine Kompromisse, nur fette Hits auf Höchsteinsatz 💸 ➡️ Dein VIP-Deal wartet! 🎯",2026-09-23T16:33:43Z,False,https://www.twitch.tv/bonusmontegamesslots,1543906413,318553763815,2026-09-23 18:55:47,2026-09-23 18:55:47
bookofbets,bookofbets,BOOKOFBETS,Twitch,Slots,498566,de,49,📢 1600€ GIVEAWAY | NICO IST AM START ❗ BONUSHUNT AND MORE 👑 !BONUS FÜR DIE BESTEN ANGEBOTE ❤️,2026-09-23T18:00:18Z,False,https://www.twitch.tv/bookofbets,1435560194,318555106663,2026-09-23 18:55:47,2026-09-23 18:55:47
br1xxly,br1xxly,br1xxly,Twitch,Slots,498566,en,818,ez gamble,2026-09-23T18:00:05Z,False,https://www.twitch.tv/br1xxly,960749814,316973985492,2026-09-23 18:55:47,2026-09-23 18:55:47
bryukvaplay,bryukvaplay,BryukvaPlay,Twitch,Magic: The Gathering,2748,ru,56,Прем драфты OTJ,2026-09-23T17:28:41Z,False,https://www.twitch.tv/bryukvaplay,952978060,318554600423,2026-09-23 18:49:19,2026-09-23 18:49:19
butterflysedoy,butterflysedoy,butterflysedoy,Twitch,Slots,498566,ru,1,"СЕГОДНЯ ЛИБО ВЫНОС, ЛИБО БАНКРОТ",2026-09-23T18:13:46Z,False,https://www.twitch.tv/butterflysedoy,1520135312,316929368150,2026-09-23 18:55:47,2026-09-23 18:55:47
bygyxogy,bygyxogy,BygyXogy,Twitch,Slots,498566,pt,1806,💃AO VIVO AGORA💃 PAGANI NA BBS 🔥 – NOITE PROIBIDA +18 !bonus,2026-09-29T08:42:17Z,False,https://www.twitch.tv/bygyxogy,1054416007,316930343125,2026-09-23 18:55:47,2026-10-01 07:07:01
byna94,byna94,byna94,Twitch,Magic: The Gathering,2748,it,104,EARLY ACCESS REALITY FRACTURE! #MagicTheGathering #TeamAether   #MTGAssistant,2026-09-23T16:54:11Z,False,https://www.twitch.tv/byna94,538344746,318692247141,2026-09-23 18:49:19,2026-09-23 18:49:19
camabisai20,camabisai20,camabisai20,Twitch,Slots,498566,pt,3,tela pra amigos e afins,2026-09-23T16:55:53Z,False,https://www.twitch.tv/camabisai20,1411714553,319115523444,2026-09-23 18:55:47,2026-09-23 18:55:47
cardmatesslots,cardmatesslots,CardmatesSlots,Twitch,Slots,498566,pt,45,LIVE COM A RAFA| COINS PRA VC | RESENHA | SORTEIO NO PIX DE R$60 NO FINAL DA LIVE (22H),2026-09-23T18:00:06Z,False,https://www.twitch.tv/cardmatesslots,1519933875,319115890804,2026-09-23 18:55:47,2026-09-23 18:55:47
casinobotpro,casinobotpro,casinobotpro,Twitch,Slots,498566,tr,1,Çayını Al Gel | Sohbet & Kasa Katlama Gecesi ☕,2026-09-30T19:09:32Z,False,https://www.twitch.tv/casinobotpro,1545913791,318833045350,2026-10-01 07:07:01,2026-10-01 07:07:01
casinodaddy,casinodaddy,CasinoDaddy,Twitch,Slots,498566,en,1083,😎🚨 NOW - VIEWER BONUS BUY COMPETITIONS WITH JEBUZ! 💰💰 ❗️COMPETITIONS ❗️DISCORD ❗️SITE ❗️FORUM,2026-09-23T06:56:27Z,False,https://www.twitch.tv/casinodaddy,121228500,316893067477,2026-09-23 18:55:47,2026-09-23 18:55:47
casinogernot,casinogernot,casinogernot,Twitch,Slots,498566,de,165,32 SPIELE / 23.000€ CASHOUT OPENING🏆!race= 12.500€ RACE🎰300% BONUS !bonus,2026-09-23T17:52:03Z,False,https://www.twitch.tv/casinogernot,161439170,318554959591,2026-09-23 18:55:47,2026-09-23 18:55:47
casinojoey,casinojoey,casinojoey,Twitch,Slots,498566,de,96,CASINOJOEY VS. SLOTS 🎰,2026-09-23T18:06:40Z,False,https://www.twitch.tv/casinojoey,466797887,316974041812,2026-09-23 18:55:47,2026-09-23 18:55:47
casinomamacita,casinomamacita,CasinoMamacita,Twitch,Slots,498566,en,1,SLOTCALL 2X = TIPPPP │$500 LB !GAMBA🌴!Instagram🌴!Discord🌴!Twitter,2026-09-23T18:24:49Z,False,https://www.twitch.tv/casinomamacita,437075723,318555563495,2026-09-23 18:55:47,2026-09-23 18:55:47
casinotesterde24slot,casinotesterde24slot,casinotesterde24slot,Twitch,Slots,498566,de,269,🎁 PAYBACK MODUS! 💥 Wir nehmen uns das Para komplett gottlos zurück ➡️ Gönn dir fette Rewards im Chat! 💸🎰,2026-09-29T17:23:14Z,False,https://www.twitch.tv/casinotesterde24slot,1544260123,316512093681,2026-10-01 07:07:01,2026-10-01 07:07:01
caysonharl,caysonharl,caysonharl,Twitch,Slots,498566,de,225,💥 LIMITS GIBT ES NICHT! 🚀 Max Bets für den absolut kranken Hit ➡️ Schnapp dir den Deal & heb ab! 💸🎰,2026-09-23T08:03:52Z,False,https://www.twitch.tv/caysonharl,1542397952,318687298405,2026-09-23 18:55:47,2026-09-23 18:55:47
chefsdungeon,chefsdungeon,chefsdungeon,Twitch,Magic: The Gathering,2748,en,40,Late Night MTG,2026-09-23T18:06:44Z,False,https://www.twitch.tv/chefsdungeon,1363914258,320449853148,2026-09-23 18:49:19,2026-09-23 18:49:19
chuckaw1977,chuckaw1977,chuckaw1977,Twitch,Magic: The Gathering,2748,en,1,Early Access Streamer Event for Magic Arena Reality Fracture | 9/23/26 #LGBTQIA+ #sponsored,2026-09-23T16:55:51Z,False,https://www.twitch.tv/chuckaw1977,87558357,321552809562,2026-09-23 18:49:19,2026-09-23 18:49:19
commandzoe,commandzoe,CommandZoe,Twitch,Magic: The Gathering,2748,en,9,Commander's Herald Presents - Reality Fracture Early Access,2026-09-23T17:55:39Z,False,https://www.twitch.tv/commandzoe,160950387,320491029216,2026-09-23 18:49:19,2026-09-23 18:49:19
coreybmtg,coreybmtg,CoreyBMTG,Twitch,Magic: The Gathering,2748,en,58,Early Access For Reality Fracture! Testing Out Sweet Standard Brews! 🔥🔥,2026-09-23T17:13:33Z,False,https://www.twitch.tv/coreybmtg,41990822,320449353308,2026-09-23 18:49:19,2026-09-23 18:49:19
coriaa7,coriaa7,coriaa7,Twitch,Slots,498566,es,140,otro dia mas de betwinner,2026-09-23T18:33:52Z,False,https://www.twitch.tv/coriaa7,852358079,319044353397,2026-09-23 18:55:47,2026-09-23 18:55:47
crazyhandsmtg,crazyhandsmtg,crazyhandsmtg,Twitch,Magic: The Gathering,2748,en,1,"Getting wrecked at Hobbit Quick Draft! Just tokin and chillin, come hang!",2026-09-23T15:49:47Z,False,https://www.twitch.tv/crazyhandsmtg,1525770881,321499901529,2026-09-23 18:49:19,2026-09-23 18:49:19
cri_1hisykzw,cri_1hisykzw,cri_1hisykzw,Twitch,Slots,498566,es,210,Cazando 🎯 el gran premio 💰 en vivo,2026-09-30T16:54:24Z,False,https://www.twitch.tv/cri_1hisykzw,1486919792,315553478383,2026-09-23 18:55:47,2026-10-01 07:07:01
cri_py8c54vw,cri_py8c54vw,cri_py8c54vw,Twitch,Slots,498566,es,94,¿Zarpazo 🎰 o desastre 🔥? Lo veremos hoy,2026-09-30T04:23:19Z,False,https://www.twitch.tv/cri_py8c54vw,1486919959,315572620272,2026-09-23 18:55:47,2026-10-01 07:07:01
croe,croe,croe,Twitch,Slots,498566,en,25,💎$300 BONUS HUNT 💎 GIVEAWAY IF PROFIT 💎 18+ 💎 !discord 💎RAGS 2 RICHES 💎 NOT ENDING UNTIL WE WIN A BMW M4 💎 @gobtu,2026-09-23T18:32:37Z,False,https://www.twitch.tv/croe,460521448,317837791203,2026-09-23 18:55:47,2026-09-23 18:55:47
crownycro,crownycro,CrownyCro,Twitch,Slots,498566,pl,378,DOBRA PASSA TRWA,2026-09-23T18:06:44Z,False,https://www.twitch.tv/crownycro,105333309,318693555301,2026-09-23 18:55:47,2026-09-23 18:55:47
cyphrion,cyphrion,cyphrion,Twitch,Slots,498566,en,360,1500$ l gambling,2026-09-23T18:18:22Z,False,https://www.twitch.tv/cyphrion,967910830,316974143188,2026-09-23 18:55:47,2026-09-23 18:55:47
d00mwake,d00mwake,d00mwake,Twitch,Magic: The Gathering,2748,en,408,REALITY FRACTURE EARLY ACCESS !moxfield for decks | !coolstuff !helix !youtube,2026-09-23T16:51:52Z,False,https://www.twitch.tv/d00mwake,123144239,320354881886,2026-09-23 18:49:19,2026-09-23 18:49:19
dafore_,dafore_,dafore_,Twitch,Magic: The Gathering,2748,en,169,💙EARLY ACCESS❤️ | !youtube | !coaching | !tracker |,2026-09-23T15:14:49Z,False,https://www.twitch.tv/dafore_,107074604,318690838373,2026-09-23 18:49:19,2026-09-23 18:49:19
damienf16,damienf16,DamienF16,Twitch,Magic: The Gathering,2748,en,24,💥🔥24-hours of REALITY FRACTURE💥🔥+🎰CASINO DAY!🎰 !discord,2026-09-23T16:36:48Z,False,https://www.twitch.tv/damienf16,74638306,319326576599,2026-09-23 18:49:19,2026-09-23 18:49:19
danielangelus,danielangelus,DanielAngelus,Twitch,Magic: The Gathering,2748,en,10,RANKED MTG | Chasing Mythic Rank,2026-09-23T16:54:39Z,False,https://www.twitch.tv/danielangelus,58626704,317836621667,2026-09-23 18:49:19,2026-09-23 18:49:19
daretti_irl,daretti_irl,Daretti_IRL,Twitch,Magic: The Gathering,2748,en,5,[MYTHICCS] REALITY FRACTURE SET REVIEW & PRERELEASE GUIDE W/ @PREZ -> EARLY ACCESS MTGARENA 1PM EST | !manabudz !girudo !edhlab !titanshield,2026-09-23T15:14:56Z,False,https://www.twitch.tv/daretti_irl,46445854,321552060506,2026-09-23 18:49:19,2026-09-23 18:49:19
dauchvid,dauchvid,Dauchvid,Twitch,Slots,498566,es,34,☕🎰 DOBLETE HISTÓRICO CON 10.000€❗ ツ | 💲 🤑 💲 | !discord | !pokerstars | !points | !ranking | !homegames | !redes | #PUBLI 🔞,2026-09-23T17:24:39Z,False,https://www.twitch.tv/dauchvid,82680130,317828647268,2026-09-23 18:55:47,2026-09-23 18:55:47
dcxhalo,dcxhalo,dcxhalo,Twitch,Magic: The Gathering,2748,ru,4,[RU) Смотрим на Модерн Лайт (Нерфов нет) | !M !U,2026-09-23T17:46:04Z,False,https://www.twitch.tv/dcxhalo,52691400,316973873876,2026-09-23 18:49:19,2026-09-23 18:49:19
delmo,delmo,Delmo,Twitch,Magic: The Gathering,2748,it,468,REALITY FRACTURE EARLY ACCESS  | !telegram !sub !tier !deck !boose !ig,2026-09-23T13:25:07Z,False,https://www.twitch.tv/delmo,79723251,318551666279,2026-09-23 18:49:19,2026-09-23 18:49:19
desp0tikgirl,desp0tikgirl,Desp0tikgirl,Twitch,Magic: The Gathering,2748,fr,13,FR - AVANT-PREMIERE STREAMER : REALITY FRACTURE - ❗️tournoi ❗️roue ❗️goclecd ❗️discord,2026-09-23T16:47:34Z,False,https://www.twitch.tv/desp0tikgirl,97658156,317828259428,2026-09-23 18:49:19,2026-09-23 18:49:19
dianvegas1,dianvegas1,dianvegas1,Twitch,Slots,498566,de,476,🔥Live mit Bikedo🔥Turniere und Doppelslots🔥!site🔥,2026-09-23T17:01:08Z,False,https://www.twitch.tv/dianvegas1,1209791823,318692381413,2026-09-23 18:55:47,2026-09-23 18:55:47
diarioplaninauta,diarioplaninauta,DiarioPlaninauta,Twitch,Magic: The Gathering,2748,pt,16,REALITY FRACTURE: Acesso antecipado e análise da coleção,2026-09-23T17:59:07Z,False,https://www.twitch.tv/diarioplaninauta,148813442,319115884532,2026-09-23 18:49:19,2026-09-23 18:49:19
dikuzed,dikuzed,dikuzed,Twitch,Slots,498566,en,538,,2026-09-30T08:58:55Z,False,https://www.twitch.tv/dikuzed,877740447,316328447597,2026-10-01 07:07:01,2026-10-01 07:07:01
dirty,dirty,Dirty,Twitch,Slots,498566,en,18,LETS MAX WIN AGAIN,2026-10-01T04:40:22Z,False,https://www.twitch.tv/dirty,63809814,318254659160,2026-10-01 07:07:01,2026-10-01 07:07:01
dkdante420,dkdante420,DkDante420,Twitch,Magic: The Gathering,2748,en,2,Slapping People With My Deck,2026-09-23T16:58:35Z,False,https://www.twitch.tv/dkdante420,1090242036,321500375641,2026-09-23 18:49:19,2026-09-23 18:49:19
dodgygrl,dodgygrl,dodgygrl,Twitch,Magic: The Gathering,2748,en,9,BREAKING REALITY FRACTURE EARLY ACCESS!!?,2026-09-23T18:00:13Z,False,https://www.twitch.tv/dodgygrl,689029044,317511883383,2026-09-23 18:49:19,2026-09-23 18:49:19
doggiestreamerlv,doggiestreamerlv,DoggieStreamerLV,Twitch,Slots,498566,pt,1,GIRADAS GRÁTIS E BÔNUS DE BOAS-VINDAS,2026-10-01T02:17:29Z,False,https://www.twitch.tv/doggiestreamerlv,763600964,321775345883,2026-09-23 18:55:47,2026-10-01 07:07:01
dominiksz_,dominiksz_,dominiksz_,Twitch,Slots,498566,hu,159,DIER IS HERE FOR THE BIG JUICY WINSSSSS ---> DOMCASI.XYZ | 8 x 25$ GW! | !STORE !DC,2026-09-23T17:09:21Z,False,https://www.twitch.tv/dominiksz_,119242708,318554308327,2026-09-23 18:55:47,2026-09-23 18:55:47
drunk_akademik,drunk_akademik,DRUNK_AKADEMIK,Twitch,Slots,498566,ru,4,BC GAME 500$ РОЗЫГРЫШ 500 | Slots стрим,2026-09-23T18:00:01Z,False,https://www.twitch.tv/drunk_akademik,182289701,318750165222,2026-09-23 18:55:47,2026-09-23 18:55:47
duskra1l,duskra1l,duskra1l,Twitch,Slots,498566,sv,1,slots in my heart,2026-09-23T18:18:27Z,False,https://www.twitch.tv/duskra1l,1255034186,316974144212,2026-09-23 18:55:47,2026-09-23 18:55:47
dylanntorres77,dylanntorres77,dylanntorres77,Twitch,Slots,498566,es,127,🍀 !melbet 4/5 🍀🍀apoyo 🍀 | !ig !telegram +18 🔞,2026-09-23T18:29:12Z,False,https://www.twitch.tv/dylanntorres77,1438852812,319044319733,2026-09-23 18:55:47,2026-09-23 18:55:47
einsatzgott,einsatzgott,einsatzgott,Twitch,Slots,498566,de,241,🔥 ZEIT FÜR REVANCHE! ⚔️ Wir holen uns heute jeden einzelnen Cent zurück 👉 Komm in den Stream & hol dir deinen Loot! 💰🎰,2026-09-23T09:25:55Z,False,https://www.twitch.tv/einsatzgott,1543772692,318745082470,2026-09-23 18:55:47,2026-09-23 18:55:47
einsatzkartell,einsatzkartell,einsatzkartell,Twitch,Slots,498566,de,225,🧨 GEISTESKRANKES BONUS OPENING! 💥 Wir haben gottlos gesammelt für den Mega-Print ➡️ Gönn dir direkt die Beute! 💸🎰,2026-09-23T09:42:34Z,False,https://www.twitch.tv/einsatzkartell,1543776631,318687938405,2026-09-23 18:55:47,2026-09-23 18:55:47
ekszit93,ekszit93,ekszit93,Twitch,Magic: The Gathering,2748,de,53,REALITY FRACTURE LIMITED🧙 | Bestes Set des Jahres?! | !video - !pokemon !yt |  - #werbung #mtg,2026-09-23T17:00:57Z,False,https://www.twitch.tv/ekszit93,404214540,318749298406,2026-09-23 18:49:19,2026-09-23 18:49:19
el_buen_alev,el_buen_alev,el_buen_alev,Twitch,Magic: The Gathering,2748,es,29,"Lairen Talks!! Regionales y demases, aventura por la costa!",2026-09-23T18:15:17Z,False,https://www.twitch.tv/el_buen_alev,115371218,319115978996,2026-09-23 18:49:19,2026-09-23 18:49:19
el_gran_boa,el_gran_boa,El_Gran_Boa,Twitch,Magic: The Gathering,2748,fr,216,Streamer Event: Découverte de Reality Fracture! | !coaching !youtube !majestik !rs,2026-09-23T16:52:47Z,False,https://www.twitch.tv/el_gran_boa,36776707,317828303460,2026-09-23 18:49:19,2026-09-23 18:49:19
elgastix,elgastix,elgastix,Twitch,Slots,498566,es,33,un laburo honesto te pido,2026-09-23T18:18:37Z,False,https://www.twitch.tv/elgastix,730757755,319115993716,2026-09-23 18:55:47,2026-09-23 18:55:47
eliittipeluri,eliittipeluri,eliittipeluri,Twitch,Slots,498566,fi,222,🍒 SLOTTIA MYLLYYN! 🌪️ Väännetään rullia kunnes kertoimet räjähtää ➡️ Hae sun bonari tästä! 🎰🔥,2026-09-30T17:53:52Z,False,https://www.twitch.tv/eliittipeluri,1547626171,318775180901,2026-10-01 07:07:01,2026-10-01 07:07:01
eljefaslots,eljefaslots,eljefaslots,Twitch,Slots,498566,es,219,🩸 ¡MODO BERSERKER! 🤬 O salimos forrados o quemamos la cuenta ➡️ ¡Trinca tu bono VIP ya! 💎🎰,2026-09-30T10:48:14Z,False,https://www.twitch.tv/eljefaslots,1547467542,318770179557,2026-10-01 07:07:01,2026-10-01 07:07:01
elpapitank,elpapitank,Elpapitank,Twitch,Slots,498566,es,38,FIFITA YA APRENDIENDO MAS HJIJIJI,2026-09-23T18:46:21Z,False,https://www.twitch.tv/elpapitank,735276554,318987226614,2026-09-23 18:55:47,2026-09-23 18:55:47
fiebredeslots,fiebredeslots,fiebredeslots,Twitch,Slots,498566,es,238,💥 ¡REVENTANDO LOS SLOTS! 🎰 Sacando bonos sin parar 👉 ¡Llévate tu drop exclusivo! 💸🎁,2026-09-23T09:31:31Z,False,https://www.twitch.tv/fiebredeslots,1543774149,318745123046,2026-09-23 18:55:47,2026-09-23 18:55:47
fikasinoparoni,fikasinoparoni,fikasinoparoni,Twitch,Slots,498566,fi,231,🚀 TÄHTÄIMESSÄ MAX WIN! Painetaan nupit kaakkoon ➡️ Hae ilmaiset käteiset! 💸💎,2026-09-30T10:52:24Z,False,https://www.twitch.tv/fikasinoparoni,1547468454,318770206565,2026-10-01 07:07:01,2026-10-01 07:07:01
filatovpoker88,filatovpoker88,filatovpoker88,Twitch,Slots,498566,ru,17,в покере денег нет..,2026-09-23T17:41:23Z,False,https://www.twitch.tv/filatovpoker88,882777492,316896307925,2026-09-23 18:55:47,2026-09-23 18:55:47
forucajo,forucajo,forucajo,Twitch,Slots,498566,en,1,,2026-09-29T21:34:18Z,False,https://www.twitch.tv/forucajo,877729207,316296404972,2026-10-01 07:07:01,2026-10-01 07:07:01
foudesslots,foudesslots,foudesslots,Twitch,Slots,498566,fr,212,💥 LE PATRON FRAPPE FORT! 🚀 On vide les caisses aujourd'hui 👉 Prends ton bonus VIP LÀ! 👑💸,2026-09-30T17:12:53Z,False,https://www.twitch.tv/foudesslots,1547611671,318774427365,2026-10-01 07:07:01,2026-10-01 07:07:01
fr3cho,fr3cho,Fr3cho,Twitch,Magic: The Gathering,2748,de,5,"🔮 Let‘s talk Magic | Stellt gerne Fragen | Deckbau, Arena Standard",2026-09-23T16:00:47Z,False,https://www.twitch.tv/fr3cho,1394540339,318748464742,2026-09-23 18:49:19,2026-09-23 18:49:19
frostzockerin,frostzockerin,frostzockerin,Twitch,Slots,498566,de,222,🔥 ZEIT FÜR REVANCHE! ⚔️ Wir holen uns heute jeden einzelnen Cent zurück 👉 Komm in den Stream & hol dir deinen Loot! 💰🎰,2026-09-30T11:26:08Z,False,https://www.twitch.tv/frostzockerin,1547478729,318770444517,2026-10-01 07:07:01,2026-10-01 07:07:01
galiigatorr,galiigatorr,GaliiGatorr,Twitch,Magic: The Gathering,2748,fr,14,C'est la rentrée ! On révise au dernier moment avant l'AP de la meilleure extension 2026 !! (on va voir si ma co tient) [stream n°57],2026-09-23T16:37:02Z,False,https://www.twitch.tv/galiigatorr,164715533,317828165732,2026-09-23 18:49:19,2026-09-23 18:49:19
gewinnenlieben,gewinnenlieben,GewinnenLieben,Twitch,Slots,498566,de,34,MAXWIN JAGD 🔥 NEUER 200% auf !BONUS. 🔥,2026-09-23T16:18:27Z,False,https://www.twitch.tv/gewinnenlieben,1131694621,318748717158,2026-09-23 18:55:47,2026-09-23 18:55:47
gewinnmaschinede,gewinnmaschinede,gewinnmaschinede,Twitch,Slots,498566,de,211,🚨 CASINO HEIST LIVE! 🧨 Wir nehmen heute jeden Automaten hoch ⬇️ Sicher dir deinen Teil der Beute! 🤑🎰,2026-09-23T15:21:08Z,False,https://www.twitch.tv/gewinnmaschinede,1543878466,318552805351,2026-09-23 18:55:47,2026-09-23 18:55:47
gewwinerlivede,gewwinerlivede,gewwinerlivede,Twitch,Slots,498566,de,212,🔴 LIVE: DIE MAX-WIN-JAGD LÄUFT! 🔥 Features eskalieren heute total 👉 Hol dir jetzt deinen Mega-Deal im Chat! 🤑🚀,2026-09-30T12:55:10Z,False,https://www.twitch.tv/gewwinerlivede,1545788050,318771207909,2026-10-01 07:07:01,2026-10-01 07:07:01
ggslive,ggslive,GGsLive,Twitch,Magic: The Gathering,2748,en,4,!yt MTG Classics 2013-2018,2026-09-23T08:26:05Z,False,https://www.twitch.tv/ggslive,9206252,321550302298,2026-09-23 18:49:19,2026-09-23 18:49:19
goddessofblunder,goddessofblunder,GoddessOfBlunder,Twitch,Magic: The Gathering,2748,en,1,"A Magical Miniature Morning with Me, Emmara - Reality Fracture EARLY ACCESS @ 1pm",2026-09-23T17:23:27Z,False,https://www.twitch.tv/goddessofblunder,207771857,321553029338,2026-09-23 18:49:19,2026-09-23 18:49:19
godmota,godmota,GODMOTA,Twitch,Slots,498566,pt,1040,🔴 LASCABRAS➡️ 5000€ (RAW) BONUS BUYS | 🎁 SUBTEMBER 🎁 | GODMOTA.GG | !telegram | +18,2026-09-23T16:00:08Z,False,https://www.twitch.tv/godmota,183830454,317827792228,2026-09-23 18:55:47,2026-09-23 18:55:47
gordongarfi,gordongarfi,gordongarfi,Twitch,Slots,498566,no,218,💥 TOTAL AUTOMAT-ESKALERING! 🚀 Vi river ned hele casinoet i kveld 👉 Hent den sinnsyke bonusen din umiddelbart! 🎰💸,2026-09-29T17:03:21Z,False,https://www.twitch.tv/gordongarfi,1545418533,318763057381,2026-10-01 07:07:01,2026-10-01 07:07:01
gremiodeapuestas,gremiodeapuestas,gremiodeapuestas,Twitch,Slots,498566,es,206,💣 ¡APUESTAS A SACO! 🚀 Hoy vamos a por el pelotazo del siglo en el VIP ➡️ ¡Trinca la pasta y tu drop exclusivo! 👑💰,2026-09-23T09:29:16Z,False,https://www.twitch.tv/gremiodeapuestas,1543436242,318549738087,2026-09-23 18:55:47,2026-09-23 18:55:47
gripen,gripen,GRIPEN,Twitch,Slots,498566,en,28,€1000 GIVEAWAY! - CHASIN' MAXWIN ATTEMPT #999 🔥!giveaway !recent !website,2026-09-23T18:03:54Z,False,https://www.twitch.tv/gripen,65875812,316896497365,2026-09-23 18:55:47,2026-09-23 18:55:47
gtastyslots,gtastyslots,gTastySlots,Twitch,Slots,498566,de,518,20er FREE CASH FÜR JEDEN -> gtasty.com | 24/7 STREAM WIEDERHOLUNGEN,2026-09-29T23:10:00Z,False,https://www.twitch.tv/gtastyslots,1447297241,318767171941,2026-09-23 18:55:47,2026-10-01 07:07:01
h1ghroll3r_,h1ghroll3r_,h1ghroll3r_,Twitch,Slots,498566,es,229,betwinner 1/5 !DS // Looking for new deals/offers,2026-10-01T06:11:02Z,False,https://www.twitch.tv/h1ghroll3r_,914232148,319053575542,2026-10-01 07:07:01,2026-10-01 07:07:01
harryjz1,harryjz1,HarryJZ1,Twitch,Slots,498566,en,1,VIEWER CALLS + NEW SITE!,2026-09-23T17:45:28Z,False,https://www.twitch.tv/harryjz1,156974934,316023842897,2026-09-23 18:55:47,2026-09-23 18:55:47
haximuf,haximuf,haximuf,Twitch,Slots,498566,en,24,,2026-09-30T08:59:37Z,False,https://www.twitch.tv/haximuf,877812224,316328452461,2026-09-23 18:55:47,2026-10-01 07:07:01
hellbr0,hellbr0,hellbr0,Twitch,Slots,498566,fi,13,Sivistyneesti..,2026-09-23T18:03:31Z,False,https://www.twitch.tv/hellbr0,438998360,318555181543,2026-09-23 18:55:47,2026-09-23 18:55:47
hellogoodgame,hellogoodgame,HelloGoodGame,Twitch,Magic: The Gathering,2748,en,8,EARLY ACCESS W/ HGG,2026-09-23T10:26:58Z,False,https://www.twitch.tv/hellogoodgame,240516559,318191810904,2026-09-23 18:49:19,2026-09-23 18:49:19
herumkommandiert,herumkommandiert,Herumkommandiert,Twitch,Magic: The Gathering,2748,de,92,Mittwochscommander!,2026-09-23T17:00:38Z,False,https://www.twitch.tv/herumkommandiert,569554048,318554169703,2026-09-23 18:49:19,2026-09-23 18:49:19
himjalbear,himjalbear,HimJalbear,Twitch,Magic: The Gathering,2748,en,5,"Good morning magic, longer stream today! I lied, i want to hit diamond lol",2026-09-23T17:20:17Z,False,https://www.twitch.tv/himjalbear,1486118043,317511732087,2026-09-23 18:49:19,2026-09-23 18:49:19
honeysmackums,honeysmackums,HoneySmackums,Twitch,Magic: The Gathering,2748,en,4,MTGArena Dailys then GAMES?,2026-09-23T15:57:35Z,False,https://www.twitch.tv/honeysmackums,121808863,319326369879,2026-09-23 18:49:19,2026-09-23 18:49:19
huskytcg,huskytcg,HuskyTCG,Twitch,Magic: The Gathering,2748,es,52,🐺 REALITY FRACTURE Acceso Anticipado :),2026-09-23T16:01:07Z,False,https://www.twitch.tv/huskytcg,229356664,317836103139,2026-09-23 18:49:19,2026-09-23 18:49:19
hydroqcm,hydroqcm,HydroQcM,Twitch,Slots,498566,fr,1,(HypeBet) Petite hunt tranquille Join!!,2026-09-23T17:49:19Z,False,https://www.twitch.tv/hydroqcm,591534459,320449683036,2026-09-23 18:55:47,2026-09-23 18:55:47
infernoman64,infernoman64,Infernoman64,Twitch,Magic: The Gathering,2748,en,1,LIVE | Trolling Opponents w/Golgari Sacrifice | Brawl MTG Arena,2026-09-23T18:15:57Z,False,https://www.twitch.tv/infernoman64,593938963,317511955703,2026-09-23 18:49:19,2026-09-23 18:49:19
ironw0lfe,ironw0lfe,ironw0lfe,Twitch,Magic: The Gathering,2748,fr,6,🟢 STREAMER PRERELEASE ! MTGA | Reality Fracture,2026-09-23T17:15:40Z,False,https://www.twitch.tv/ironw0lfe,514675166,318692641765,2026-09-23 18:49:19,2026-09-23 18:49:19
jackpotty_slots,jackpotty_slots,jackpotty_slots,Twitch,Slots,498566,en,2,THE $1K HUNT — ANY PROVIDER — ZERO FEAR-YOUR CALLS,2026-09-23T16:49:12Z,False,https://www.twitch.tv/jackpotty_slots,1528697771,316023679825,2026-09-23 18:55:47,2026-09-23 18:55:47
jacktorrance90,jacktorrance90,JackTorrance90,Twitch,Magic: The Gathering,2748,it,196,ANTEPRIMA REALITY FRACTURE HIC ET NUNC - In orario e senza gonna ╭∩╮,2026-09-23T16:58:58Z,False,https://www.twitch.tv/jacktorrance90,71201458,317828360420,2026-09-23 18:49:19,2026-09-23 18:49:19
jackygayming,jackygayming,jackygayming,Twitch,Magic: The Gathering,2748,es,1,preñas ¡,2026-09-23T18:24:57Z,False,https://www.twitch.tv/jackygayming,46884278,321670801883,2026-09-23 18:49:19,2026-09-23 18:49:19
jasitron97,jasitron97,Jasitron97,Twitch,Magic: The Gathering,2748,es,2,No se juegar Magi | MTGA |LoL-Magic-Dibujos,2026-09-23T17:05:28Z,False,https://www.twitch.tv/jasitron97,182310037,318193054808,2026-09-23 18:49:19,2026-09-23 18:49:19
jaxonlindy,jaxonlindy,jaxonlindy,Twitch,Slots,498566,es,218,💥 ¡REVENTANDO LOS SLOTS! 🎰 Sacando bonos sin parar 👉 ¡Llévate tu drop exclusivo! 💸🎁,2026-09-29T17:03:20Z,False,https://www.twitch.tv/jaxonlindy,1545987422,318626391911,2026-10-01 07:07:01,2026-10-01 07:07:01
jaxxmerril,jaxxmerril,jaxxmerril,Twitch,Slots,498566,de,247,🚀 BOSS MODE AKTIV! 💥 Wir sprengen die Slots ➡️ Hol dir den Deal! 👑💸,2026-09-23T08:03:56Z,False,https://www.twitch.tv/jaxxmerril,1542330849,318744498918,2026-09-23 18:55:47,2026-09-23 18:55:47
jaxxonralf,jaxxonralf,jaxxonralf,Twitch,Slots,498566,no,224,💥 TOTAL AUTOMAT-ESKALERING! 🚀 Vi river ned hele casinoet i kveld 👉 Hent den sinnsyke bonusen din umiddelbart! 🎰💸,2026-09-23T08:03:52Z,False,https://www.twitch.tv/jaxxonralf,1542410113,318744495718,2026-09-23 18:55:47,2026-09-23 18:55:47
jaycobbob,jaycobbob,jaycobbob,Twitch,Slots,498566,es,234,🔥 ¡APUESTAS SALVAJES! 🔴 Reventando las tragaperras al límite ➡️ ¡Pilla tu bono exclusivo y fórrate! 💸🎰,2026-09-23T08:03:53Z,False,https://www.twitch.tv/jaycobbob,1542752275,318744496102,2026-09-23 18:55:47,2026-09-23 18:55:47
jaydvrn,jaydvrn,JayDvrn,Twitch,Magic: The Gathering,2748,en,2,MTGA Ranked,2026-09-23T18:36:52Z,False,https://www.twitch.tv/jaydvrn,466461027,318750727526,2026-09-23 18:49:19,2026-09-23 18:49:19
jefferbf,jefferbf,jefferbf,Twitch,Magic: The Gathering,2748,pt,1,Mais um dia de Patetadas no MAGIC e no VALORANT !!,2026-09-23T15:51:20Z,False,https://www.twitch.tv/jefferbf,581655194,318986261750,2026-09-23 18:49:19,2026-09-23 18:49:19
jimdavismtg,jimdavismtg,JimDavisMTG,Twitch,Magic: The Gathering,2748,en,895,🟡 Ten New Brews! 🟢 Reality Fracture Standard! 🔴 Early Access 🟣 This Set Is Dope 🔵 !follow,2026-09-23T11:30:19Z,False,https://www.twitch.tv/jimdavismtg,106058400,321668423259,2026-09-23 18:49:19,2026-09-23 18:49:19
jjohn88,jjohn88,JJohn88,Twitch,Magic: The Gathering,2748,en,1,Washed Player Does Early Access New Set!,2026-09-23T18:18:30Z,False,https://www.twitch.tv/jjohn88,80165731,317511968759,2026-09-23 18:49:19,2026-09-23 18:49:19
jjpasak,jjpasak,JJPasak,Twitch,Slots,498566,cs,15,KICK❗ GIVEAWAY ❗MULTIACCOUNTI VÍTÁNI 🦜 PAPOUCH COCO 🦜 HACKSAW MAXWIN HUNT 🤯 HERNA U DĚDKA 🤨 STRAŠNĚDLOUHÝTEXTNAKONCIABYTOVYNIKALOVNÁHLEDU,2026-09-23T17:50:38Z,False,https://www.twitch.tv/jjpasak,98968225,318693218661,2026-09-23 18:55:47,2026-09-23 18:55:47
johnnieslotss,johnnieslotss,johnnieslotss,Twitch,Slots,498566,en,98,"(18+) €4000 BONUSHUNT! HUGE ANNOUNCEMENT, BIGGEST GIVEAWAY SO FAR!! <3 - !discord",2026-09-23T17:23:44Z,False,https://www.twitch.tv/johnnieslotss,1450079967,318692768101,2026-09-23 18:55:47,2026-09-23 18:55:47
jonbosstv,jonbosstv,Jonbosstv,Twitch,Slots,498566,pt,137,🔴+18 | OFERECER !PRENDAS PARA TODOS ⮕ MELHOR DO MUNDO EA FC ⮕ HOJE TEM ATLANTIC RP?!  ⮕ 🩵 !APOSTAS !TELEGRAM !TIPS🔥,2026-09-23T15:34:36Z,False,https://www.twitch.tv/jonbosstv,159740801,317804177506,2026-09-23 18:55:47,2026-09-23 18:55:47
jordanfaki,jordanfaki,Jordanfaki,Twitch,Slots,498566,hu,134,❤️VALAMI LESZ MA BIZTOSAN❤️!LINK ❤️SZIA❤️TRIOS KOVI ÉV! ❤️USE CODE FAKI❤️,2026-09-23T17:40:05Z,False,https://www.twitch.tv/jordanfaki,513639210,318693043045,2026-09-23 18:55:47,2026-09-23 18:55:47
justlolaman,justlolaman,JustLolaman,Twitch,Magic: The Gathering,2748,en,416,DRAFTING Reality Fracture - !EA⚡FRA !tierlist ⚡ !coaching ⚡ !boosterboxsell,2026-09-23T17:42:36Z,False,https://www.twitch.tv/justlolaman,25429692,318749901286,2026-09-23 18:49:19,2026-09-23 18:49:19
juvagoput,juvagoput,juvagoput,Twitch,Slots,498566,en,1,,2026-09-29T14:42:32Z,False,https://www.twitch.tv/juvagoput,877728056,316294508652,2026-09-23 18:55:47,2026-10-01 07:07:01
kaakyoin,kaakyoin,Kaakyoin,Twitch,Magic: The Gathering,2748,en,1,how analogue of you,2026-09-23T18:21:00Z,False,https://www.twitch.tv/kaakyoin,430851741,320491253088,2026-09-23 18:49:19,2026-09-23 18:49:19
kadobes2,kadobes2,KadoBes2,Twitch,Slots,498566,en,1,🍒🎁PROMO CODES AND FREE SPINS ON THE WEBSITE IN THE CHAT🍒,2026-09-29T08:42:18Z,False,https://www.twitch.tv/kadobes2,1054416358,316930344789,2026-09-23 18:55:47,2026-10-01 07:07:01
kaizokuou_broku,kaizokuou_broku,KaizokuOu_Broku,Twitch,Magic: The Gathering,2748,en,2,"Top 100 Xp/3x Current Mythic | Diddling Around On Alt Accounts, Might Push Some Mythic Later",2026-09-23T12:33:04Z,False,https://www.twitch.tv/kaizokuou_broku,114104508,321498738393,2026-09-23 18:49:19,2026-09-23 18:49:19
kaltblutjackpot,kaltblutjackpot,kaltblutjackpot,Twitch,Slots,498566,de,230,🛒 BONUS BUY ESKALATION! 🌪️ Wir kaufen heute Features am Laufband ➡️ Tipp !loot im Chat & hol dir das Cash! 💸🎰,2026-09-30T11:30:50Z,False,https://www.twitch.tv/kaltblutjackpot,1547480025,318770476773,2026-10-01 07:07:01,2026-10-01 07:07:01
kamiofluckytopdecks,kamiofluckytopdecks,KamiOfLuckyTopdecks,Twitch,Magic: The Gathering,2748,en,39,REALITY FRACTURE EARLY ACCESS!! | !youtube !coaching,2026-09-23T16:55:43Z,False,https://www.twitch.tv/kamiofluckytopdecks,429187403,318749204198,2026-09-23 18:49:19,2026-09-23 18:49:19
kasinofamiljen,kasinofamiljen,Kasinofamiljen,Twitch,Slots,498566,sv,72,[18+] Play'n GO Giveaway med !casinodealen - PAF.se !mental 6kx !guessing,2026-09-23T17:50:15Z,False,https://www.twitch.tv/kasinofamiljen,264392054,316929181526,2026-09-23 18:55:47,2026-09-23 18:55:47
kasinofamiljen24,kasinofamiljen24,kasinofamiljen24,Twitch,Slots,498566,sv,1,24/7 repriser med @kasinofamiljen,2026-09-29T19:02:45Z,False,https://www.twitch.tv/kasinofamiljen24,1535658775,316967461846,2026-09-23 18:55:47,2026-10-01 07:07:01
kasinokartelli,kasinokartelli,kasinokartelli,Twitch,Slots,498566,fi,200,🔥 JÄTTIPOTTIA KAATAMAAN! 🚀 Tänään isketään isoilla 👉 Hae bonus heti! 🎰💰,2026-09-23T08:03:55Z,False,https://www.twitch.tv/kasinokartelli,1543005600,318744498150,2026-09-23 18:55:47,2026-09-23 18:55:47
kenoblinkazar,kenoblinkazar,kenoblinkazar,Twitch,Slots,498566,es,1,,2026-09-30T11:49:00Z,False,https://www.twitch.tv/kenoblinkazar,1457129829,320547303260,2026-09-23 18:55:47,2026-10-01 07:07:01
ketikysud,ketikysud,ketikysud,Twitch,Slots,498566,en,1,,2026-09-30T09:00:45Z,False,https://www.twitch.tv/ketikysud,877728402,316328457453,2026-10-01 07:07:01,2026-10-01 07:07:01
kgeg4,kgeg4,kgeg4,Twitch,Magic: The Gathering,2748,en,2,Live commander,2026-09-22T22:44:23Z,False,https://www.twitch.tv/kgeg4,203421567,321543273818,2026-09-23 18:49:19,2026-09-23 18:49:19
kingbonusttv,kingbonusttv,KingbonusTTV,Twitch,Slots,498566,en,165,ZULA is LIVE HUNTING 5 SCATTTERS | Check out Kingbonus.com for the best possible offers | 18+ | BeGambleAware,2026-09-23T16:00:37Z,False,https://www.twitch.tv/kingbonusttv,197427333,316895477205,2026-09-23 18:55:47,2026-09-23 18:55:47
kitaoji11,kitaoji11,KitaoJi11,Twitch,Slots,498566,fr,410,⭐ Late night stream WW ⭐!TG⭐,2026-09-23T16:40:08Z,False,https://www.twitch.tv/kitaoji11,1068240363,318748999270,2026-09-23 18:55:47,2026-09-23 18:55:47
koasvo,koasvo,koasvo,Twitch,Slots,498566,es,231,🍀FARMING SIMULATOR 🍀apoyo maximo🍀 / !ds,2026-09-23T18:36:46Z,False,https://www.twitch.tv/koasvo,190666786,318987172726,2026-09-23 18:55:47,2026-09-23 18:55:47
kodi__98,kodi__98,kodi__98,Twitch,Slots,498566,de,449,KODIBONUS.com,2026-09-23T18:45:11Z,False,https://www.twitch.tv/kodi__98,734778954,318694232293,2026-09-23 18:55:47,2026-09-23 18:55:47
korasiordie,korasiordie,KorasiOrDie,Twitch,Magic: The Gathering,2748,en,3,Mythic homebrew Cloud standard deck BO3,2026-09-23T17:53:34Z,False,https://www.twitch.tv/korasiordie,187060226,320449717980,2026-09-23 18:49:19,2026-09-23 18:49:19
koschtafastgarnix,koschtafastgarnix,Koschtafastgarnix,Twitch,Slots,498566,en,152,14 GAMES OPENING/2.000$ Hunt mit 50€ Tippspiel !lb = 15.000$ SEPTEMBER LEADERBOARD,2026-09-23T17:44:56Z,False,https://www.twitch.tv/koschtafastgarnix,1128530802,317828857060,2026-09-23 18:55:47,2026-09-23 18:55:47
koutsia_slots,koutsia_slots,koutsia_slots,Twitch,Slots,498566,el,47,21+ |4 X 25ΑΡΕΣ PAYSAFE GIVEAWAY + 10K BONUS OPENING,2026-09-23T17:27:14Z,False,https://www.twitch.tv/koutsia_slots,1388031700,318749686630,2026-09-23 18:55:47,2026-09-23 18:55:47
koxepy,koxepy,koxepy,Twitch,Slots,498566,en,1,,2026-09-29T21:34:02Z,False,https://www.twitch.tv/koxepy,877813156,316296403692,2026-10-01 07:07:01,2026-10-01 07:07:01
kubafps,kubafps,KubaFPS,Twitch,Slots,498566,de,8245,20er FREE CASH FÜR JEDEN !bonus,2026-09-23T17:43:26Z,False,https://www.twitch.tv/kubafps,162969546,317828842340,2026-09-23 18:55:47,2026-09-23 18:55:47
labaleinenoire,labaleinenoire,labaleinenoire,Twitch,Slots,498566,fr,222,"🔥 LE KING EST DE RETOUR ! Aujourd'hui, on fait sauter la banque sur chaque machine. 👉 Ne rate pas ton super bonus tout de suite ! ✨💵",2026-09-30T09:05:47Z,False,https://www.twitch.tv/labaleinenoire,1547033624,318769539941,2026-10-01 07:07:01,2026-10-01 07:07:01
ledgerreine,ledgerreine,ledgerreine,Twitch,Slots,498566,fr,236,🔥 MODE HIGHROLLER! On braque les slots aujourd'hui ➡️ Prends ton méga-bonus ici! 💰🎰,2026-09-30T10:58:58Z,False,https://www.twitch.tv/ledgerreine,1547470343,318826660966,2026-10-01 07:07:01,2026-10-01 07:07:01
lejitte,lejitte,lejitte,Twitch,Magic: The Gathering,2748,en,1,MARDU and the road to rank 1. plus pkc news,2026-09-23T16:52:09Z,False,https://www.twitch.tv/lejitte,1537256897,320449162844,2026-09-23 18:49:19,2026-09-23 18:49:19
lekxxietv,lekxxietv,lekxxietv,Twitch,Slots,498566,en,9,EN| ES Giveaways- !runechat | 25M Welcome Bonus | !raffle to join the giveaway | Slots & Casino,2026-10-01T05:45:59Z,False,https://www.twitch.tv/lekxxietv,1026374759,319182021236,2026-10-01 07:07:01,2026-10-01 07:07:01
lemankush,lemankush,LeMankush,Twitch,Slots,498566,es,1,"Rawsito chirola en KWEAKE, EN 13 DIAS TERMINA LA LEADERBOARD| $500 LEADERBOARD|!leaderboard !kweake !discord !x",2026-10-01T06:30:16Z,False,https://www.twitch.tv/lemankush,206666551,319182122100,2026-10-01 07:07:01,2026-10-01 07:07:01
leparda,leparda,Leparda,Twitch,Magic: The Gathering,2748,de,11,Magieeee -> CS capture the flag?| [GER/ENG][18+][Vtuber],2026-09-23T17:01:07Z,False,https://www.twitch.tv/leparda,271918535,318749302246,2026-09-23 18:49:19,2026-09-23 18:49:19
lilbrandottd,lilbrandottd,lilBrandoTTD,Twitch,Magic: The Gathering,2748,en,1,"Top 1,000 in US MTG Player",2026-09-23T18:11:53Z,False,https://www.twitch.tv/lilbrandottd,236571180,321553420122,2026-09-23 18:49:19,2026-09-23 18:49:19
livegewwinerslot,livegewwinerslot,livegewwinerslot,Twitch,Slots,498566,de,210,🔴 LIVE: DIE MAX-WIN-JAGD LÄUFT! 🔥 Features eskalieren heute total 👉 Hol dir jetzt deinen Mega-Deal im Chat! 🤑🚀,2026-09-22T09:31:57Z,False,https://www.twitch.tv/livegewwinerslot,1542334854,318676909413,2026-09-23 18:55:47,2026-09-23 18:55:47
livemauss,livemauss,livemauss,Twitch,Slots,498566,nl,3,[NL/ENG] realcash no sponsers (viktorOTP)(TheGloriousEvolution)#COFFEEE#mainViktor !discord,2026-09-23T16:25:20Z,False,https://www.twitch.tv/livemauss,70753313,318691791205,2026-09-23 18:55:47,2026-09-23 18:55:47
loadingreadyrun,loadingreadyrun,LoadingReadyRun,Twitch,Magic: The Gathering,2748,en,309,Early Access Reality Fracture with Graham and Kathleen || LRRMTG,2026-09-23T17:25:01Z,False,https://www.twitch.tv/loadingreadyrun,27132299,319326834647,2026-09-23 18:49:19,2026-09-23 18:49:19
lockieraeb,lockieraeb,lockieraeb,Twitch,Slots,498566,fr,226,💥 LE PATRON FRAPPE FORT! 🚀 On vide les caisses aujourd'hui 👉 Prends ton bonus VIP LÀ! 👑💸,2026-09-22T09:31:57Z,False,https://www.twitch.tv/lockieraeb,1543093699,318538407527,2026-09-23 18:55:47,2026-09-23 18:55:47
luddze,luddze,Luddze,Twitch,Slots,498566,en,68,TOURNAMENT FOR MY TOP 8 PLAYERS 💎GET UP TO 30% LOSSBACK ON !JACK 💰 RAW BALANCE ALWAYS! 💸 18+ | !Lossback | !Bonus | !Giveaway | !VIP,2026-09-23T18:40:24Z,False,https://www.twitch.tv/luddze,109704434,316896784469,2026-09-23 18:55:47,2026-09-23 18:55:47
lypun,lypun,lypun,Twitch,Slots,498566,en,561,,2026-09-30T08:58:55Z,False,https://www.twitch.tv/lypun,877739634,316328447469,2026-10-01 07:07:01,2026-10-01 07:07:01
mad_moses,mad_moses,Mad_Moses,Twitch,Magic: The Gathering,2748,en,5,Drafting Reality Fracture #earlyaccess !current #fra #draft #arena #mtg #limited,2026-09-23T17:41:35Z,False,https://www.twitch.tv/mad_moses,51535556,318554805991,2026-09-23 18:49:19,2026-09-23 18:49:19
madmaverick81,madmaverick81,MadMavericK81,Twitch,Magic: The Gathering,2748,pt,8,[PT/EN] Nova Season✨ Ranked Rush🚀Análise e Resenha📊 | MTG Arena | @MadMaverick81 @DyegoPlayer | !SUBtember !chuck-norris !tts !pixIA !lurk,2026-09-23T07:11:16Z,False,https://www.twitch.tv/madmaverick81,171442808,318984610678,2026-09-23 18:49:19,2026-09-23 18:49:19
mafiadefichas,mafiadefichas,mafiadefichas,Twitch,Slots,498566,es,231,💣 ¡APUESTAS A SACO! 🚀 Hoy vamos a por el pelotazo del siglo en el VIP ➡️ ¡Trinca la pasta y tu drop exclusivo! 👑💰,2026-09-30T19:11:15Z,False,https://www.twitch.tv/mafiadefichas,1547446254,318776509285,2026-10-01 07:07:01,2026-10-01 07:07:01
maksimipanos,maksimipanos,maksimipanos,Twitch,Slots,498566,fi,231,🔥 JÄTTIPOTTIA KAATAMAAN! 🚀 Tänään isketään isoilla 👉 Hae bonus heti! 🎰💰,2026-09-29T17:53:05Z,False,https://www.twitch.tv/maksimipanos,1546897921,318627194983,2026-10-01 07:07:01,2026-10-01 07:07:01
marloweprest,marloweprest,marloweprest,Twitch,Slots,498566,es,231,🔥 ¡APUESTAS SALVAJES! 🔴 Reventando las tragaperras al límite ➡️ ¡Pilla tu bono exclusivo y fórrate! 💸🎰,2026-09-29T21:40:33Z,False,https://www.twitch.tv/marloweprest,1545789881,318766663909,2026-10-01 07:07:01,2026-10-01 07:07:01
mattiarizzimtg,mattiarizzimtg,MattiaRizziMTG,Twitch,Magic: The Gathering,2748,it,53,Early Access eality fracture!,2026-09-23T13:58:07Z,False,https://www.twitch.tv/mattiarizzimtg,276660420,317835052899,2026-09-23 18:49:19,2026-09-23 18:49:19
mavyruder,mavyruder,mavyruder,Twitch,Slots,498566,en,1,,2026-09-30T09:02:49Z,False,https://www.twitch.tv/mavyruder,877730259,316290778731,2026-10-01 07:07:01,2026-10-01 07:07:01
maxbetbaron,maxbetbaron,maxbetbaron,Twitch,Slots,498566,en,225,🚀 INSANE BONUS HUNT! Chasing the absolute max win live ➡️ Snatch your exclusive drop! 🎁💸,2026-09-30T11:07:26Z,False,https://www.twitch.tv/maxbetbaron,1547473088,318826732134,2026-10-01 07:07:01,2026-10-01 07:07:01
maxbetbruder,maxbetbruder,maxbetbruder,Twitch,Slots,498566,de,234,🚀 MISSION MAX WIN! 🎯 Wir ballern alles rein ➡️ Bonus abholen! 💸🎰,2026-09-23T09:21:48Z,False,https://www.twitch.tv/maxbetbruder,1543771515,318745053158,2026-09-23 18:55:47,2026-09-23 18:55:47
maximzocktslots,maximzocktslots,MaximZocktSlots,Twitch,Slots,498566,de,1225,🔴 50k Slots heute den Cashout Hattrick landen! 🎰🤑,2026-09-23T16:59:56Z,False,https://www.twitch.tv/maximzocktslots,536621382,318554152295,2026-09-23 18:55:47,2026-09-23 18:55:47
mebelus_fat,mebelus_fat,mebelus_fat,Twitch,Slots,498566,en,308,✅ CR7 - MENTALITY ✅ FAIRSPIN ✅ 3k$ deposit ✅ !fair,2026-09-23T18:03:44Z,False,https://www.twitch.tv/mebelus_fat,886106818,316974021716,2026-09-23 18:55:47,2026-09-23 18:55:47
meiliexpim,meiliexpim,MeiliexPim,Twitch,Slots,498566,th,225,สล็อต 🔴 ไลฟ์สด ไลฟ์สดสล็อต สล็อตไลฟ์สด เกม | กัปตันเหมยพาลุย !!! 😱,2026-09-23T15:01:21Z,False,https://www.twitch.tv/meiliexpim,1371294435,316098507753,2026-09-23 18:55:47,2026-09-23 18:55:47
minakeks,minakeks,MinaKeks,Twitch,Magic: The Gathering,2748,de,16,Reality Fracture Spoiler & Early Access !,2026-09-23T15:59:21Z,False,https://www.twitch.tv/minakeks,77149837,318553247719,2026-09-23 18:49:19,2026-09-23 18:49:19
mitchjones,mitchjones,MitchJones,Twitch,Slots,498566,en,7845,"$150K IN GIVEAWAYS TODAY🔥$500K BONUS HUNT🔥$50K GIVEAWAY IN DISCORD & $5K ON TWITTER NOW🔥$1 MILLION SEPTEMBER WAGER LEADERBOARD, AD🔥",2026-09-23T15:43:31Z,False,https://www.twitch.tv/mitchjones,26194208,319326301143,2026-09-23 18:55:47,2026-09-23 18:55:47
mohawk_mayhem,mohawk_mayhem,mohawk_mayhem,Twitch,Magic: The Gathering,2748,en,13,drafting back to back! Come kick it you beautiful soul!,2026-09-23T15:58:47Z,False,https://www.twitch.tv/mohawk_mayhem,659375792,321499957593,2026-09-23 18:49:19,2026-09-23 18:49:19
molakralofficial,molakralofficial,molakralofficial,Twitch,Slots,498566,tr,4,🔴 CANLI 💥23.09.2026 Bonushunt Acilimi... Canli yayini.!,2026-09-23T17:33:08Z,False,https://www.twitch.tv/molakralofficial,1040922944,318692927845,2026-09-23 18:55:47,2026-09-23 18:55:47
mortongplays,mortongplays,mortongplays,Twitch,Slots,498566,da,13,(DK/ENG) WANTED GRIND 1K SPIN! LETS GET THAT VSVSVSVSVS,2026-10-01T06:04:49Z,False,https://www.twitch.tv/mortongplays,114638097,317019193428,2026-10-01 07:07:01,2026-10-01 07:07:01
msigrist83,msigrist83,msigrist83,Twitch,Magic: The Gathering,2748,en,188,EARLY Access Reality Fracture Boosty Drafts GET IN!,2026-09-23T17:01:28Z,False,https://www.twitch.tv/msigrist83,40124837,320354962014,2026-09-23 18:49:19,2026-09-23 18:49:19
mtg_monster,mtg_monster,MTG_Monster,Twitch,Magic: The Gathering,2748,en,8,MTG FRA Early Access Sealed and Draft,2026-09-23T16:59:24Z,False,https://www.twitch.tv/mtg_monster,935313197,321500381785,2026-09-23 18:49:19,2026-09-23 18:49:19
mtggoldfish,mtggoldfish,MTGGoldfish,Twitch,Magic: The Gathering,2748,en,164,REALITY FRACTURE!!!,2026-09-23T18:36:52Z,False,https://www.twitch.tv/mtggoldfish,114761975,320491388768,2026-09-23 18:49:19,2026-09-23 18:49:19
mtgmalone,mtgmalone,mtgmalone,Twitch,Magic: The Gathering,2748,en,63,REALITY is FRACTUREd - so am i!  EARLY ACCESS - COOLEST DECKS,2026-09-23T16:28:14Z,False,https://www.twitch.tv/mtgmalone,654706373,318553679079,2026-09-23 18:49:19,2026-09-23 18:49:19
mtgnorthrips,mtgnorthrips,MTGNorthRips,Twitch,Magic: The Gathering,2748,en,13,"Reality Fracture Play Boosters, Sorcery, Riftbound and more: Casual Afternoon with Paul",2026-09-23T17:06:21Z,False,https://www.twitch.tv/mtgnorthrips,1455019356,321552900442,2026-09-23 18:49:19,2026-09-23 18:49:19
mygilop,mygilop,mygilop,Twitch,Slots,498566,en,1,,2026-09-30T09:10:35Z,False,https://www.twitch.tv/mygilop,877729793,316298309484,2026-10-01 07:07:01,2026-10-01 07:07:01
nachttigerin,nachttigerin,nachttigerin,Twitch,Slots,498566,de,224,⚡️ PURES RISIKO HEUTE! 🔥 Wir jagen gigantische Auszahlungen 👇 Krall euch das Startguthaben sofort! 👑💶,2026-09-30T09:30:35Z,False,https://www.twitch.tv/nachttigerin,1547442590,318826091238,2026-10-01 07:07:01,2026-10-01 07:07:01
natmeriwet,natmeriwet,natmeriwet,Twitch,Slots,498566,de,786,🧨 GEISTESKRANKES BONUS OPENING! 💥 Wir haben gottlos gesammelt für den Mega-Print ➡️ Gönn dir direkt die Beute! 💸🎰,2026-09-30T18:58:07Z,False,https://www.twitch.tv/natmeriwet,1545150746,318776295269,2026-10-01 07:07:01,2026-10-01 07:07:01
ner0vant,ner0vant,ner0vant,Twitch,Slots,498566,en,460,go gamble )),2026-09-23T18:18:28Z,False,https://www.twitch.tv/ner0vant,984928452,316929404886,2026-09-23 18:55:47,2026-09-23 18:55:47
nightbets,nightbets,NightBets,Twitch,Slots,498566,es,239,BUEN DIA CASINITO COMO SIEMPRE | !DS,2026-10-01T06:11:07Z,False,https://www.twitch.tv/nightbets,914231617,319111673589,2026-10-01 07:07:01,2026-10-01 07:07:01
nikpokbets,nikpokbets,NikPokBets,Twitch,Slots,498566,en,5,"$20,000 BALANCE EPIDI MBORO  | CHILLING | ROAD TO 100K | !offers | S3 E17",2026-09-23T13:59:16Z,False,https://www.twitch.tv/nikpokbets,205298165,317835060835,2026-09-23 18:55:47,2026-09-23 18:55:47
niqoslots,niqoslots,NiqoSlots,Twitch,Slots,498566,en,43,💎4500€ BONUSHUNT OPENING💎 ONIMO💎!hypekasino for ULTRA LOW wager! 💎[GER/ENG]💎,2026-09-23T18:27:44Z,False,https://www.twitch.tv/niqoslots,210881335,321501129945,2026-09-23 18:55:47,2026-09-23 18:55:47
oblivionsorrow,oblivionsorrow,OblivionSorrow,Twitch,Magic: The Gathering,2748,en,46,✴ EARLY ACCESS! ✴ | ༺ Reality Fracture Streamer Event #gifted ༻ | Magic: the Gathering | Road to 2k! | !clip !lurk !discord !songcmd,2026-09-23T17:05:58Z,False,https://www.twitch.tv/oblivionsorrow,507612331,321670230107,2026-09-23 18:49:19,2026-09-23 18:49:19
offthe_wall_gaming,offthe_wall_gaming,offthe_wall_gaming,Twitch,Magic: The Gathering,2748,en,1,"Brawl super value, morning coffee, chill vibes",2026-09-23T16:56:37Z,False,https://www.twitch.tv/offthe_wall_gaming,137569726,320449198556,2026-09-23 18:49:19,2026-09-23 18:49:19
omendigotv,omendigotv,OMendigoTV,Twitch,Slots,498566,pt,332,🔴 VASCO | BONUS OPENING SÓ SUPERS -> 4K RAW | NOVA MARCA ATÉ 1600 FREESPINS !TELEGRAM | MENDIGOTV.COM | [+18],2026-09-23T09:00:10Z,False,https://www.twitch.tv/omendigotv,150642043,317825209316,2026-09-23 18:55:47,2026-09-23 18:55:47
orangebonus,orangebonus,orangebonus,Twitch,Slots,498566,de,282,!luckybonus für 400% NONSTICKY BONUS - Daily Slots mit @LuckyOhneLuke & @drafnix & @Domme - Team @orangemorange - !nonsticky !discord,2026-10-01T05:46:02Z,False,https://www.twitch.tv/orangebonus,1491432514,318780173157,2026-09-23 18:55:47,2026-10-01 07:07:01
orangemorangeslots,orangemorangeslots,orangemorangeSlots,Twitch,Slots,498566,de,490,24/7 VODs 🎰 orangebonus.com ✅ !bonus für 400% nonSticky BONUS,2026-09-30T12:34:04Z,False,https://www.twitch.tv/orangemorangeslots,1452895933,316937315285,2026-09-23 18:55:47,2026-10-01 07:07:01
oscolderst,oscolderst,oscolderst,Twitch,Slots,498566,pt,7,[+18] BETTILT| 75 FREE SPINS !SITE | !DONATION !DISCORD !SLOTSGEM,2026-09-23T16:17:19Z,False,https://www.twitch.tv/oscolderst,761444605,317827974372,2026-09-23 18:55:47,2026-09-23 18:55:47
ozhunt,ozhunt,Ozhunt,Twitch,Slots,498566,en,74,Thursday10k Bonus hunt! viperspin | ozhunt.net | Live R + 18,2026-10-01T06:19:48Z,False,https://www.twitch.tv/ozhunt,489265586,316128266601,2026-10-01 07:07:01,2026-10-01 07:07:01
patolinoslots777,patolinoslots777,patolinoslots777,Twitch,Slots,498566,pt,1,🐤 NOITE DE SLOTS COM O PATOLINO 🎰,2026-09-23T18:36:56Z,False,https://www.twitch.tv/patolinoslots777,567129658,319116096116,2026-09-23 18:55:47,2026-09-23 18:55:47
peemhee69,peemhee69,peemhee69,Twitch,Slots,498566,th,17,🔞ไลฟ์สล็อต | พี่หมีสล็อต สล็อตPP 🔔 23/9/69 MST,2026-09-23T18:11:10Z,False,https://www.twitch.tv/peemhee69,1363595434,316098893289,2026-09-23 18:55:47,2026-09-23 18:55:47
perylo,perylo,perylo,Twitch,Slots,498566,en,1,priv300,2026-09-30T09:01:09Z,False,https://www.twitch.tv/perylo,877730607,316328459373,2026-09-23 18:55:47,2026-10-01 07:07:01
peterthepostman,peterthepostman,Peterthepostman,Twitch,Magic: The Gathering,2748,it,1,Ci siamo per pauper? MTG stream,2026-09-23T18:47:19Z,False,https://www.twitch.tv/peterthepostman,102180664,317806190690,2026-09-23 18:49:19,2026-09-23 18:49:19
pimcicx,pimcicx,Pimcicx,Twitch,Slots,498566,es,553,TIMBA DE 1xbet El  #1 de argentina 🟢 Full Raw 🟢 TODO AL 32 🟢 !contac !1xbet,2026-09-23T18:41:28Z,False,https://www.twitch.tv/pimcicx,456904915,319116117620,2026-09-23 18:55:47,2026-09-23 18:55:47
pivaxu,pivaxu,pivaxu,Twitch,Slots,498566,en,1,,2026-09-30T09:43:05Z,False,https://www.twitch.tv/pivaxu,877728808,316290910059,2026-10-01 07:07:01,2026-10-01 07:07:01
pobreplaninauta,pobreplaninauta,pobreplaninauta,Twitch,Magic: The Gathering,2748,pt,3,ACESSO ANTECIPADO DE REALITY FRACTURE NO MTG ARENA - EARLY ACCESS,2026-09-23T18:29:07Z,False,https://www.twitch.tv/pobreplaninauta,488958418,319044319221,2026-09-23 18:49:19,2026-09-23 18:49:19
prez,prez,Prez,Twitch,Magic: The Gathering,2748,en,11,EARLY ACCESS REALITY FRACTURE,2026-09-23T15:16:22Z,False,https://www.twitch.tv/prez,477110192,320448435676,2026-09-23 18:49:19,2026-09-23 18:49:19
profitlane22,profitlane22,profitlane22,Twitch,Slots,498566,en,1862,🔥400K Giveaway Drop | Free $200 Signup Bonus | 800K Monthly Race,2026-10-01T02:30:17Z,False,https://www.twitch.tv/profitlane22,1541409691,321658431962,2026-10-01 07:07:01,2026-10-01 07:07:01
promonina,promonina,promonina,Twitch,Slots,498566,en,1,🔥500K Prize Pool | Free $200 Signup Bonus | 1M Race,2026-09-23T05:30:23Z,False,https://www.twitch.tv/promonina,1541192183,321497114713,2026-09-23 18:55:47,2026-09-23 18:55:47
pt185889,pt185889,pt185889,Twitch,Slots,498566,en,1,🔥 Secure a $50 mega welcome gift just for joining – no deposit!Get a special 700% bonus on your first deposit! 🎆 👉 Unlock Mega Wins!,2026-09-21T22:57:33Z,False,https://www.twitch.tv/pt185889,1497102535,319307840215,2026-09-23 18:55:47,2026-09-23 18:55:47
qa_gummyace_partner,qa_gummyace_partner,qa_gummyace_partner,Twitch,Slots,498566,en,1,test,2026-09-30T17:19:05Z,False,https://www.twitch.tv/qa_gummyace_partner,408380599,321768003291,2026-09-23 18:55:47,2026-10-01 07:07:01
quebecdank,quebecdank,QuebecDank,Twitch,Magic: The Gathering,2748,fr,3,| Qc | Fr | Eng | IDGAF,2026-09-23T16:08:58Z,False,https://www.twitch.tv/quebecdank,481936800,321552473178,2026-09-23 18:49:19,2026-09-23 18:49:19
qugiqukon,qugiqukon,qugiqukon,Twitch,Slots,498566,en,1,,2026-09-30T09:01:43Z,False,https://www.twitch.tv/qugiqukon,877729472,316290774763,2026-10-01 07:07:01,2026-10-01 07:07:01
quinoxxel,quinoxxel,quinoxxel,Twitch,Slots,498566,en,355,casino - Duel - 2.500$ - !duel !money !give,2026-09-23T18:19:02Z,False,https://www.twitch.tv/quinoxxel,967911198,316929410774,2026-09-23 18:55:47,2026-09-23 18:55:47
qupyrohi,qupyrohi,qupyrohi,Twitch,Slots,498566,en,1,,2026-09-30T09:10:31Z,False,https://www.twitch.tv/qupyrohi,877730169,316298308588,2026-10-01 07:07:01,2026-10-01 07:07:01
ramaludopa,ramaludopa,ramaludopa,Twitch,Slots,498566,es,278,HOTYA #3 || !tg @Rama_ludopa32,2026-09-23T17:58:25Z,False,https://www.twitch.tv/ramaludopa,597854741,319115879540,2026-09-23 18:55:47,2026-09-23 18:55:47
rapsolo,rapsolo,RAPSOLO,Twitch,Magic: The Gathering,2748,es,51,REALITY FRACTURE Acceso Aniticpado  | !redes,2026-09-23T17:37:19Z,False,https://www.twitch.tv/rapsolo,453280957,316023818705,2026-09-23 18:49:19,2026-09-23 18:49:19
rcastiello,rcastiello,rcastiello,Twitch,Magic: The Gathering,2748,es,1,EARLY ACCESS: REALITY FRACTURE - LIMITADO,2026-09-23T18:47:08Z,False,https://www.twitch.tv/rcastiello,237083117,317829677028,2026-09-23 18:49:19,2026-09-23 18:49:19
realaquro247,realaquro247,REALAQURO247,Twitch,Slots,498566,de,17,24/7 VODs ♦️ aqurobonus.com💲!100 für 100 Gratis Freispiele ohne Einzahlung + 250% NON STICKY BONUS PAKET! 🎉 !yt !insta !discord 💸,2026-09-30T22:05:50Z,False,https://www.twitch.tv/realaquro247,1510968068,316974086614,2026-09-23 18:55:47,2026-10-01 07:07:01
reddcattavern,reddcattavern,ReddCatTavern,Twitch,Magic: The Gathering,2748,en,7,💠 Reality Fracture Early Access! | MTG Arena,2026-09-23T17:30:56Z,False,https://www.twitch.tv/reddcattavern,180181425,320449512668,2026-09-23 18:49:19,2026-09-23 18:49:19
reiderrabbit,reiderrabbit,reiderrabbit,Twitch,Magic: The Gathering,2748,en,166,Reality Fracture Early Access. Standard Golgari,2026-09-23T17:57:20Z,False,https://www.twitch.tv/reiderrabbit,30967375,320491047648,2026-09-23 18:49:19,2026-09-23 18:49:19
rektopuss_official,rektopuss_official,Rektopuss_Official,Twitch,Slots,498566,other,96,GRIEŽAM GRĀMATAS | DEPOZĪTS 600 EUR | BONUSI APRAKSTĀ,2026-09-23T18:01:09Z,False,https://www.twitch.tv/rektopuss_official,463039628,318693430885,2026-09-23 18:55:47,2026-09-23 18:55:47
rellsostinky,rellsostinky,rellsostinky,Twitch,Slots,498566,en,3,slots,2026-10-01T06:16:03Z,False,https://www.twitch.tv/rellsostinky,1426847329,320600369376,2026-10-01 07:07:01,2026-10-01 07:07:01
respinnerstv,respinnerstv,RespinnersTV,Twitch,Slots,498566,cs,425,💰TOKYO MAX win | FREESPINY A SOUTěžeE NA RESPINNERS.TV 🔥 💰  VÍC JAK 5 000 Kč na www.Respinners.TV,2026-09-23T18:03:02Z,False,https://www.twitch.tv/respinnerstv,949278408,318750237286,2026-09-23 18:55:47,2026-09-23 18:55:47
reydelcash,reydelcash,reydelcash,Twitch,Slots,498566,es,222,🔴 EN DIRECTO: ¡HIGH STAKES AL LÍMITE! 💥 A por los premios más locos 👉 ¡Llévate ya el bono del stream! 🎰💰,2026-09-22T09:31:56Z,False,https://www.twitch.tv/reydelcash,1541012642,318676909029,2026-09-23 18:55:47,2026-09-23 18:55:47
rhys2695,rhys2695,Rhys2695,Twitch,Magic: The Gathering,2748,es,2,Análisis de REALITY FRACTURE | Magic the Gathering,2026-09-23T16:45:58Z,False,https://www.twitch.tv/rhys2695,198203427,316043644626,2026-09-23 18:49:19,2026-09-23 18:49:19
rixapera,rixapera,rixapera,Twitch,Slots,498566,en,1,,2026-09-30T08:59:07Z,False,https://www.twitch.tv/rixapera,877730938,316328449133,2026-10-01 07:07:01,2026-10-01 07:07:01
rixonmaxi01,rixonmaxi01,rixonmaxi01,Twitch,Slots,498566,en,1,FREE SPINS & WELCOME BONUSES,2026-09-30T07:23:17Z,False,https://www.twitch.tv/rixonmaxi01,1543057388,321599315417,2026-09-23 18:55:47,2026-10-01 07:07:01
rolyatack,rolyatack,Rolyatack,Twitch,Magic: The Gathering,2748,en,20,Best Midweek Magic Plays Here! | !yt @rolyatack,2026-09-23T17:18:50Z,False,https://www.twitch.tv/rolyatack,254863279,317511724535,2026-09-23 18:49:19,2026-09-23 18:49:19
ronanwins,ronanwins,ronanwins,Twitch,Slots,498566,en,32,18+ | NEW CASINO! LETS PRINT | ! !Discord 🔴BIG WIN= GIVEAWAY | !yt,2026-09-23T18:07:40Z,False,https://www.twitch.tv/ronanwins,205426512,318555259495,2026-09-23 18:55:47,2026-09-23 18:55:47
ronsnake88,ronsnake88,RonSnake88,Twitch,Slots,498566,fi,8,Random bonus buy 2x home kimppa löytyy-> !dc | !latest |,2026-09-23T14:49:21Z,False,https://www.twitch.tv/ronsnake88,436569348,316927793110,2026-09-23 18:55:47,2026-09-23 18:55:47
royalteamcasino,royalteamcasino,RoyalTeamCasino,Twitch,Slots,498566,es,1,SE ROMPIO EL PC DE LA TREMENDA MAXWIN QUE ME PEGO 💸/  WALTYHH Y NAHUUU,2026-09-23T18:05:48Z,False,https://www.twitch.tv/royalteamcasino,864062417,319044165493,2026-09-23 18:55:47,2026-09-23 18:55:47
rs_dpsed,rs_dpsed,Rs_Dpsed,Twitch,Slots,498566,en,2,🔴 RUNESCAPE GAMBLING IS BACK! $2k START - TIPPING VIEWERS $100 (NOT CLICKBAIT)  FIREBET.GG 🔴!casino !guess,2026-10-01T04:35:11Z,False,https://www.twitch.tv/rs_dpsed,518071985,316153812330,2026-10-01 07:07:01,2026-10-01 07:07:01
rudareis,rudareis,rudareis,Twitch,Magic: The Gathering,2748,pt,23,Acesso Antecipado - Reality Fracture !listas !youtube !apoie,2026-09-23T16:34:35Z,False,https://www.twitch.tv/rudareis,186522966,319043603189,2026-09-23 18:49:19,2026-09-23 18:49:19
ryori_vtuber,ryori_vtuber,Ryori_VTuber,Twitch,Magic: The Gathering,2748,en,3,Untap! Upkeep! DRAW! | MTG: Arena,2026-09-23T17:57:14Z,False,https://www.twitch.tv/ryori_vtuber,209700570,321553293146,2026-09-23 18:49:19,2026-09-23 18:49:19
sacinopapi,sacinopapi,sacinopapi,Twitch,Slots,498566,en,38,👑 OPENING BONUSES SOON (24+) | SEPTEMBER P&L (-80K),2026-09-23T18:32:07Z,False,https://www.twitch.tv/sacinopapi,1494396043,318694005989,2026-09-23 18:55:47,2026-09-23 18:55:47
schnee_vongestern,schnee_vongestern,schnee_vongestern,Twitch,Magic: The Gathering,2748,de,1,Elfen Mythic Grind ;) Standard,2026-09-23T18:30:05Z,False,https://www.twitch.tv/schnee_vongestern,24286686,318555653991,2026-09-23 18:49:19,2026-09-23 18:49:19
scuffledlux,scuffledlux,ScuffleDLux,Twitch,Magic: The Gathering,2748,en,12,FRA Educational Drafting - All your Jace are something something,2026-09-23T18:28:18Z,False,https://www.twitch.tv/scuffledlux,750109581,318193376216,2026-09-23 18:49:19,2026-09-23 18:49:19
scurrows,scurrows,Scurrows,Twitch,Slots,498566,de,2973,🔥 1000$ Giveaway daily nur für scurrows.com Nutzer 🔥,2026-09-23T18:24:49Z,False,https://www.twitch.tv/scurrows,126805726,318750556390,2026-09-23 18:55:47,2026-09-23 18:55:47
seaser,seaser,Seaser,Twitch,Slots,498566,cs,32,KASINO69 - PROMOKOD SEASER JEDE,2026-09-23T17:54:01Z,False,https://www.twitch.tv/seaser,87755475,318693273445,2026-09-23 18:55:47,2026-09-23 18:55:47
severin7mtg,severin7mtg,Severin7MTG,Twitch,Magic: The Gathering,2748,en,3,⛓️‍💥Reality Fracture Early Access - Thank you Wizards for Inviting Me!!!,2026-09-23T17:54:54Z,False,https://www.twitch.tv/severin7mtg,141621715,320355368286,2026-09-23 18:49:19,2026-09-23 18:49:19
shahar_shenhar,shahar_shenhar,shahar_shenhar,Twitch,Magic: The Gathering,2748,en,190,Early Access! Limited for now  info for !coaching,2026-09-23T16:14:55Z,False,https://www.twitch.tv/shahar_shenhar,39826781,317804556258,2026-09-23 18:49:19,2026-09-23 18:49:19
shambles_tcg,shambles_tcg,Shambles_TCG,Twitch,Magic: The Gathering,2748,it,0,Tappa 3 LegaPauperCassino !prime !discord !youtube !deck !instagram !nerd,2026-09-23T18:46:22Z,False,https://www.twitch.tv/shambles_tcg,1490124810,318750848358,2026-09-23 18:49:19,2026-09-23 18:49:19
singleaslots,singleaslots,SingleAslots,Twitch,Slots,498566,da,23,12 TUSIND KRS HUNT,2026-09-23T18:09:20Z,False,https://www.twitch.tv/singleaslots,1543810501,318555293415,2026-09-23 18:55:47,2026-09-23 18:55:47
slenak1,slenak1,slenak1,Twitch,Slots,498566,ru,400,Играю в казино  dep 50k l Ссылка в описании,2026-09-23T18:16:48Z,False,https://www.twitch.tv/slenak1,913654548,318693741029,2026-09-23 18:55:47,2026-09-23 18:55:47
slotbosss,slotbosss,slotbosss,Twitch,Slots,498566,en,97,SPINKO WHEEL 200X  CALL ---3X25$ -2026.09.23 -- !DC --!LINK,2026-09-23T17:52:20Z,False,https://www.twitch.tv/slotbosss,618021969,318693244901,2026-09-23 18:55:47,2026-09-23 18:55:47
slotboys_,slotboys_,slotboys_,Twitch,Slots,498566,en,319,DEGEN GAMBLING  / !WEEKLY !SITE,2026-09-23T18:02:35Z,False,https://www.twitch.tv/slotboys_,855596812,316974011860,2026-09-23 18:55:47,2026-09-23 18:55:47
slotboythim,slotboythim,slotboythim,Twitch,Slots,498566,sv,85,RAPTER7 Ska rinsa NK parfymer efter streamen,2026-09-23T18:09:25Z,False,https://www.twitch.tv/slotboythim,1352270245,316929333078,2026-09-23 18:55:47,2026-09-23 18:55:47
slots_girls,slots_girls,slots_girls,Twitch,Slots,498566,el,44,+21 | Drama Llama | HMERA 10H PRLP | !niki,2026-09-23T14:29:44Z,False,https://www.twitch.tv/slots_girls,785389052,318747413734,2026-09-23 18:55:47,2026-09-23 18:55:47
slotshub_skillz,slotshub_skillz,slotshub_skillz,Twitch,Slots,498566,el,434,21+ SLOTSHUB LIVE | XTAPODIAS + TOLITZI | ΑΠΟΓΕΥΜΑΤΙΝΟ ΚΑΦΕΝΕΙΟ !,2026-09-23T16:26:04Z,False,https://www.twitch.tv/slotshub_skillz,825918871,318691802085,2026-09-23 18:55:47,2026-09-23 18:55:47
smicho15_,smicho15_,smicho15_,Twitch,Slots,498566,es,54,+18 EN BC.GAMES | !sorteo,2026-09-23T13:45:50Z,False,https://www.twitch.tv/smicho15_,630596866,321499065433,2026-09-23 18:55:47,2026-09-23 18:55:47
sol4r1s,sol4r1s,Sol4r1s,Twitch,Magic: The Gathering,2748,de,198,REALITY FRACTURE STREAMER EVENT | !tierlist !review #werbung,2026-09-23T16:00:03Z,False,https://www.twitch.tv/sol4r1s,43592114,318691412709,2026-09-23 18:49:19,2026-09-23 18:49:19
sonictt1,sonictt1,sonictt1,Twitch,Magic: The Gathering,2748,en,1,mwm- phantom sealed -> clair obsur,2026-09-23T18:07:38Z,False,https://www.twitch.tv/sonictt1,40754787,317511918583,2026-09-23 18:49:19,2026-09-23 18:49:19
spielomeister_com,spielomeister_com,Spielomeister_com,Twitch,Slots,498566,de,61,iPhone 18 Verlosung + New 300% Bonus | 20€ Gratis🚨 | !bonus  | Spielomeister.com,2026-09-23T17:48:25Z,False,https://www.twitch.tv/spielomeister_com,272907535,318554908775,2026-09-23 18:55:47,2026-09-23 18:55:47
spinitinslots,spinitinslots,spinitinslots,Twitch,Slots,498566,en,0,"The Breakfast Show, Coffee, Chat and Slots, Join the Club #Slots #DISCORD",2026-10-01T06:51:57Z,False,https://www.twitch.tv/spinitinslots,1508183916,318836928742,2026-10-01 07:07:01,2026-10-01 07:07:01
spookyvigilantegaming,spookyvigilantegaming,spookyvigilantegaming,Twitch,Magic: The Gathering,2748,en,0,Magic: The Gathering Arena,2026-09-23T18:45:59Z,False,https://www.twitch.tv/spookyvigilantegaming,651617800,321553710426,2026-09-23 18:49:19,2026-09-23 18:49:19
sr_kormos,sr_kormos,sr_kormos,Twitch,Slots,498566,es,239,siesta !1xbet,2026-09-23T18:17:11Z,False,https://www.twitch.tv/sr_kormos,889408683,319115987572,2026-09-23 18:55:47,2026-09-23 18:55:47
steelcitymtg,steelcitymtg,SteelCityMTG,Twitch,Magic: The Gathering,2748,en,21,Arena Early Access | Steph plays Reality Fracture Limited #MTGFRA | 1PM EDT | Early Access provided by @magic,2026-09-23T15:48:00Z,False,https://www.twitch.tv/steelcitymtg,784631211,321499889753,2026-09-23 18:49:19,2026-09-23 18:49:19
steroslots,steroslots,SteroSlots,Twitch,Slots,498566,en,56,🔴 STERO LIVE 🔴 RUNDA 4️⃣ CU ZINX  🔄💪 MOD RECUPERATION 🔥,2026-09-23T18:04:45Z,False,https://www.twitch.tv/steroslots,405469716,318693518053,2026-09-23 18:55:47,2026-09-23 18:55:47
stevesaylor,stevesaylor,stevesaylor,Twitch,Magic: The Gathering,2748,en,5,Just Chatting + MTG Arena Reality Fracture Preview Event w/ the Mana Budz!,2026-09-23T14:35:09Z,False,https://www.twitch.tv/stevesaylor,143819807,321499386073,2026-09-23 18:49:19,2026-09-23 18:49:19
stokorcovyles,stokorcovyles,StokorcovyLes,Twitch,Magic: The Gathering,2748,cs,6,Středeční MTG pokec s Asydem: Reality Fracture / Lore & kartičky / Prewko teď v pátek,2026-09-23T17:28:37Z,False,https://www.twitch.tv/stokorcovyles,451985124,318554599399,2026-09-23 18:49:19,2026-09-23 18:49:19
stoneridle,stoneridle,stoneridle,Twitch,Slots,498566,de,227,🧨 BANK-CRASH INCOMING! 💥 Wir reißen das Casino heute komplett ab ➡️ Schnapp dir den kranken Mega-Bonus! 💎🎰,2026-09-23T08:03:52Z,False,https://www.twitch.tv/stoneridle,1542650876,318744494950,2026-09-23 18:55:47,2026-09-23 18:55:47
stormzr6s,stormzr6s,StorMzR6S,Twitch,Slots,498566,fr,4,(FR/ENG) Champ Push,2026-10-01T04:04:41Z,False,https://www.twitch.tv/stormzr6s,138746534,320558160604,2026-10-01 07:07:01,2026-10-01 07:07:01
streunerspin,streunerspin,streunerspin,Twitch,Slots,498566,de,231,🚨 CASINO HEIST LIVE! 🧨 Wir nehmen heute jeden Automaten hoch ⬇️ Sicher dir deinen Teil der Beute! 🤑🎰,2026-09-30T09:18:15Z,False,https://www.twitch.tv/streunerspin,1547438731,318769615205,2026-10-01 07:07:01,2026-10-01 07:07:01
studsteven,studsteven,StudSteven,Twitch,Slots,498566,en,4,Gamba Gamba,2026-10-01T02:50:13Z,False,https://www.twitch.tv/studsteven,533115438,320598590048,2026-10-01 07:07:01,2026-10-01 07:07:01
supcaitlin,supcaitlin,supcaitlin,Twitch,Slots,498566,en,868,💗 GAMBA TIME 💗 $100 GIVEAWAY 💗 #ad,2026-10-01T04:37:38Z,False,https://www.twitch.tv/supcaitlin,131439149,319415401943,2026-10-01 07:07:01,2026-10-01 07:07:01
superpaule,superpaule,SuperPaule,Twitch,Slots,498566,de,7,🎰 500€ – HEUTE GIBT’S KEIN ZURÜCK 🔥,2026-09-23T18:16:54Z,False,https://www.twitch.tv/superpaule,121386482,318750450918,2026-09-23 18:55:47,2026-09-23 18:55:47
svenja71h,svenja71h,svenja71h,Twitch,Magic: The Gathering,2748,de,16,MTG Arena Reality Fracture Streamer Event,2026-09-23T17:07:47Z,False,https://www.twitch.tv/svenja71h,775597013,318554288231,2026-09-23 18:49:19,2026-09-23 18:49:19
team_draftfr,team_draftfr,team_draftfr,Twitch,Magic: The Gathering,2748,fr,2,Early access Reality Fractured,2026-09-23T17:07:20Z,False,https://www.twitch.tv/team_draftfr,782961572,317828469604,2026-09-23 18:49:19,2026-09-23 18:49:19
teamcazy,teamcazy,TeamCazy,Twitch,Slots,498566,fr,14,MulTiRoooM!🔥Hunt&Spin!🔥Open to ALL!🔥Wager Race 4K-/- discord !moutarde,2026-09-23T15:26:51Z,False,https://www.twitch.tv/teamcazy,602731537,320354292190,2026-09-23 18:55:47,2026-09-23 18:55:47
terrytsang,terrytsang,TerryTsang,Twitch,Magic: The Gathering,2748,en,2,Reality Fracture Early Access.. Have not yet the spoiler so this should be fun.,2026-09-23T17:09:15Z,False,https://www.twitch.tv/terrytsang,507699831,317511688439,2026-09-23 18:49:19,2026-09-23 18:49:19
testerdeslotwin,testerdeslotwin,testerdeslotwin,Twitch,Slots,498566,de,212,🎁 PAYBACK MODUS! 💥 Wir nehmen uns das Para komplett gottlos zurück ➡️ Gönn dir fette Rewards im Chat! 💸🎰,2026-09-23T02:46:54Z,False,https://www.twitch.tv/testerdeslotwin,1542648444,316482843505,2026-09-23 18:55:47,2026-09-23 18:55:47
thatsadmirable,thatsadmirable,ThatsAdmirable,Twitch,Magic: The Gathering,2748,en,7,DONT WATCH IF YOU WANT TO WIN,2026-09-23T18:17:28Z,False,https://www.twitch.tv/thatsadmirable,36625020,319327144663,2026-09-23 18:49:19,2026-09-23 18:49:19
thatsl1me,thatsl1me,ThatSl1me,Twitch,Magic: The Gathering,2748,en,20,Minsc & Boo Comp Brawl 🐹 WE. ARE. COOKING. 💀 RIP Alchemy | !moxfield !yt !cbrawlbans !staples,2026-09-23T15:48:13Z,False,https://www.twitch.tv/thatsl1me,48331541,321669716443,2026-09-23 18:49:19,2026-09-23 18:49:19
theboarslots,theboarslots,TheBoarSlots,Twitch,Slots,498566,en,189,The Boar! Thursday Bonus Buys,2026-10-01T05:46:12Z,False,https://www.twitch.tv/theboarslots,1294812066,316088887784,2026-10-01 07:07:01,2026-10-01 07:07:01
thehamtv,thehamtv,TheHamTV,Twitch,Magic: The Gathering,2748,en,100,Early Access Drafting Reality Fracture,2026-09-23T18:37:47Z,False,https://www.twitch.tv/thehamtv,29213580,320450137692,2026-09-23 18:49:19,2026-09-23 18:49:19
thelawlzftw,thelawlzftw,TheLawlzFTW,Twitch,Magic: The Gathering,2748,en,4,[AFK] Historic Brawl Playlist !merch,2026-09-23T02:34:54Z,False,https://www.twitch.tv/thelawlzftw,46242088,319321693143,2026-09-23 18:49:19,2026-09-23 18:49:19
thenerdysteve,thenerdysteve,TheNerdySteve,Twitch,Magic: The Gathering,2748,en,10,Early Access! Let's Go!,2026-09-23T17:07:49Z,False,https://www.twitch.tv/thenerdysteve,72193879,320449307100,2026-09-23 18:49:19,2026-09-23 18:49:19
therosemarytea,therosemarytea,therosemarytea,Twitch,Magic: The Gathering,2748,en,46,FracFrac EA,2026-09-23T17:24:32Z,False,https://www.twitch.tv/therosemarytea,833570063,321670351323,2026-09-23 18:49:19,2026-09-23 18:49:19
thesixler,thesixler,thesixler,Twitch,Magic: The Gathering,2748,en,18,Arena Early Access!! Reality Fractured DRAFTS?!?!  Early Access thanks to @magic,2026-09-23T16:52:27Z,False,https://www.twitch.tv/thesixler,77940570,318193002968,2026-09-23 18:49:19,2026-09-23 18:49:19
theteemonster,theteemonster,TheTeeMonster,Twitch,Magic: The Gathering,2748,en,4,REALITY FRACTURE REVEAL! | The Mana Budz are jumping into the Arena for a Reality Fracture preview! | !osi !merch,2026-09-23T16:47:01Z,False,https://www.twitch.tv/theteemonster,135344809,320490486624,2026-09-23 18:49:19,2026-09-23 18:49:19
thewillhallexp,thewillhallexp,TheWillHallExp,Twitch,Magic: The Gathering,2748,en,15,24/7 MTG #Charity #Ukraine,2026-09-22T22:19:02Z,False,https://www.twitch.tv/thewillhallexp,187698261,317800024674,2026-09-23 18:49:19,2026-09-23 18:49:19
thormungandr,thormungandr,Thormungandr,Twitch,Magic: The Gathering,2748,en,20,Arena Early Access | Thor plays Reality Fracture #MTGFRA,2026-09-23T16:27:38Z,False,https://www.twitch.tv/thormungandr,184450257,321500152537,2026-09-23 18:49:19,2026-09-23 18:49:19
thuanyma,thuanyma,THUANYma,Twitch,Slots,498566,pt,61,LIVE MT IMPORTANTEE!!! ENTREMMMM,2026-09-23T18:31:10Z,False,https://www.twitch.tv/thuanyma,1268753016,319044334837,2026-09-23 18:55:47,2026-09-23 18:55:47
tooelw1n,tooelw1n,tooelw1n,Twitch,Slots,498566,pt,373,`,2026-09-23T17:56:01Z,False,https://www.twitch.tv/tooelw1n,1255104388,316973952980,2026-09-23 18:55:47,2026-09-23 18:55:47
topbonusio,topbonusio,topbonusio,Twitch,Slots,498566,es,124,🚀 5€ GRATIS !PS 🚀 ROAD TO 15.000€ EN POKERSTARS 🚀 | !ps | !discord | !topbonus www.topbonus.io #ad +18,2026-09-23T18:23:45Z,False,https://www.twitch.tv/topbonusio,124331186,317805908706,2026-09-23 18:55:47,2026-09-23 18:55:47
torontovvs,torontovvs,TorontoVVS,Twitch,Slots,498566,en,1890,SPINO/ 1000$ (button >>>) !kick !bonuses !group,2026-09-23T17:59:10Z,False,https://www.twitch.tv/torontovvs,1152048660,318750147942,2026-09-23 18:55:47,2026-09-23 18:55:47
tosyp,tosyp,tosyp,Twitch,Slots,498566,en,1,,2026-09-30T09:11:49Z,False,https://www.twitch.tv/tosyp,877728363,316298317292,2026-10-01 07:07:01,2026-10-01 07:07:01
tracysalem,tracysalem,tracysalem,Twitch,Slots,498566,es,218,🔴 EN DIRECTO: ¡HIGH STAKES AL LÍMITE! 💥 A por los premios más locos 👉 ¡Llévate ya el bono del stream! 🎰💰,2026-09-29T22:53:01Z,False,https://www.twitch.tv/tracysalem,1545141318,318630451303,2026-10-01 07:07:01,2026-10-01 07:07:01
trashguy__,trashguy__,trashguy__,Twitch,Slots,498566,en,42,1K BONUS HUNT || $1500 LEADERBOARD || DAILY GIVEAWAYS IN STREAM || !tts !code !website !discord !twitter !clip,2026-09-23T17:25:10Z,False,https://www.twitch.tv/trashguy__,552343201,320355141470,2026-09-23 18:55:47,2026-09-23 18:55:47
ttv_icegamer,ttv_icegamer,ttv_icegamer,Twitch,Slots,498566,hu,4,Casino,2026-09-23T17:50:00Z,False,https://www.twitch.tv/ttv_icegamer,1147201086,318750001766,2026-09-23 18:55:47,2026-09-23 18:55:47
tupebohed,tupebohed,tupebohed,Twitch,Slots,498566,en,4,,2026-09-30T09:11:15Z,False,https://www.twitch.tv/tupebohed,877739555,316298313452,2026-09-23 18:55:47,2026-10-01 07:07:01
tydokam,tydokam,tydokam,Twitch,Slots,498566,en,1,,2026-09-30T09:10:47Z,False,https://www.twitch.tv/tydokam,877730624,316298310892,2026-10-01 07:07:01,2026-10-01 07:07:01
tzbetz,tzbetz,tzbetz,Twitch,Slots,498566,en,1,9 DAYS LEFT! 🎯 CLIMB THE $3K LEADERBOARD! | OG/VIP REWARDS 🎁 | COME JOIN THE FUN!,2026-09-23T17:59:32Z,False,https://www.twitch.tv/tzbetz,1287516083,319327028183,2026-09-23 18:55:47,2026-09-23 18:55:47
udipalyr,udipalyr,udipalyr,Twitch,Slots,498566,en,1,,2026-09-29T15:27:38Z,False,https://www.twitch.tv/udipalyr,877728045,316294732652,2026-10-01 07:07:01,2026-10-01 07:07:01
uno_mtg,uno_mtg,uno_mtg,Twitch,Magic: The Gathering,2748,de,16,Early Access: Reality Fracture - Sealed und Draft !discord,2026-09-23T16:55:48Z,False,https://www.twitch.tv/uno_mtg,82997892,318749204710,2026-09-23 18:49:19,2026-09-23 18:49:19
urriolaguz01,urriolaguz01,urriolaguz01,Twitch,Slots,498566,es,1,BONOS DE BIENVENIDA Y MUCHOS GIROS GRATIS,2026-09-30T07:23:15Z,False,https://www.twitch.tv/urriolaguz01,1540827199,321599315289,2026-09-23 18:55:47,2026-10-01 07:07:01
val_pl_magicarenafr,val_pl_magicarenafr,Val_PL_magicarenafr,Twitch,Magic: The Gathering,2748,fr,308,[FR] AVANT-PREMIERE REALITE FRACTURE !cardnexus,2026-09-23T17:09:40Z,False,https://www.twitch.tv/val_pl_magicarenafr,218088150,317805094498,2026-09-23 18:49:19,2026-09-23 18:49:19
vandaalis,vandaalis,vandaalis,Twitch,Slots,498566,en,38,🔴18+ Azartspēles @ VAVADA🔴  !ig !vavada !dc 🔴  VEEL NEGULI ?,2026-09-23T18:36:39Z,False,https://www.twitch.tv/vandaalis,71763646,316896760661,2026-09-23 18:55:47,2026-09-23 18:55:47
vantrelo,vantrelo,vantrelo,Twitch,Slots,498566,en,237,RTP HAS TO BE ON? | $2300 ARKADA,2026-09-23T18:18:04Z,False,https://www.twitch.tv/vantrelo,1254881883,316929400406,2026-09-23 18:55:47,2026-09-23 18:55:47
vazylize,vazylize,vazylize,Twitch,Slots,498566,en,1,,2026-09-30T16:37:58Z,False,https://www.twitch.tv/vazylize,877812080,316299884012,2026-10-01 07:07:01,2026-10-01 07:07:01
veveil,veveil,Veveil,Twitch,Magic: The Gathering,2748,en,7,Reality Fracture Limited Set Review w/ jupiterbrandos (Part 2),2026-09-23T17:48:55Z,False,https://www.twitch.tv/veveil,120278505,320449678172,2026-09-23 18:49:19,2026-09-23 18:49:19
viladopecado75,viladopecado75,viladopecado75,Twitch,Slots,498566,pt,4,+18  ! PURO RAW CASH \ 300\1000 follows,2026-09-23T17:40:05Z,False,https://www.twitch.tv/viladopecado75,514778955,317837128803,2026-09-23 18:55:47,2026-09-23 18:55:47
volatileruss,volatileruss,Volatileruss,Twitch,Slots,498566,en,1,1ST TWITCH GAMBA STREAM! !JOIN win-betr!  code RUSS,2026-09-23T17:40:00Z,False,https://www.twitch.tv/volatileruss,427727792,319326912983,2026-09-23 18:55:47,2026-09-23 18:55:47
vollbildbomber,vollbildbomber,vollbildbomber,Twitch,Slots,498566,de,215,💎 VIP-STATUS: ON! 👑 Wir jagen die absoluten Monster-Wins mit Max Bet 💸 ➡️ Hol dir dein exklusives Paket! 🎯,2026-09-30T18:51:48Z,False,https://www.twitch.tv/vollbildbomber,1546275885,318776199909,2026-10-01 07:07:01,2026-10-01 07:07:01
voxy,voxy,Voxy,Twitch,Magic: The Gathering,2748,en,249,EARLY ACCESS! Reality Fracture Limited all day!,2026-09-23T16:54:48Z,False,https://www.twitch.tv/voxy,228485853,321552800090,2026-09-23 18:49:19,2026-09-23 18:49:19
vuxenocev,vuxenocev,vuxenocev,Twitch,Slots,498566,en,1,,2026-09-30T08:59:15Z,False,https://www.twitch.tv/vuxenocev,877728398,316328450029,2026-10-01 07:07:01,2026-10-01 07:07:01
vuzase,vuzase,vuzase,Twitch,Slots,498566,en,1,,2026-09-30T16:38:08Z,False,https://www.twitch.tv/vuzase,877729434,316299884780,2026-10-01 07:07:01,2026-10-01 07:07:01
vytozytex,vytozytex,vytozytex,Twitch,Slots,498566,en,1,hi,2026-09-30T16:38:15Z,False,https://www.twitch.tv/vytozytex,877735856,316299885292,2026-09-23 18:55:47,2026-10-01 07:07:01
wbudyp,wbudyp,wbudyp,Twitch,Slots,498566,en,550,,2026-09-30T09:10:07Z,False,https://www.twitch.tv/wbudyp,877729754,316298307052,2026-10-01 07:07:01,2026-10-01 07:07:01
wild_duo,wild_duo,Wild_duo,Twitch,Slots,498566,en,8,6th stream guys! Claim the No Wager Bonus!,2026-09-23T18:16:03Z,False,https://www.twitch.tv/wild_duo,1533267457,316043915730,2026-09-23 18:55:47,2026-09-23 18:55:47
wrogusafe,wrogusafe,wrogusafe,Twitch,Slots,498566,en,1,,2026-09-30T16:38:15Z,False,https://www.twitch.tv/wrogusafe,877730179,316299885164,2026-10-01 07:07:01,2026-10-01 07:07:01
wuckingweezy,wuckingweezy,wuckingweezy,Twitch,Slots,498566,en,0,apex and train spins,2026-10-01T06:20:30Z,False,https://www.twitch.tv/wuckingweezy,432715635,317564568823,2026-10-01 07:07:01,2026-10-01 07:07:01
xabeho,xabeho,xabeho,Twitch,Slots,498566,en,3,ms300,2026-09-30T09:02:17Z,False,https://www.twitch.tv/xabeho,877730531,316290776811,2026-10-01 07:07:01,2026-10-01 07:07:01
xardov,xardov,Xardov,Twitch,Magic: The Gathering,2748,es,4,Powered Cube until out of gems!,2026-09-23T17:04:27Z,False,https://www.twitch.tv/xardov,29980463,317828432356,2026-09-23 18:49:19,2026-09-23 18:49:19
yoskylerseymour,yoskylerseymour,YoSkylerSeymour,Twitch,Magic: The Gathering,2748,en,11,EARLY ACCESS STREAMER EVENT -> EMPOWER JACE! | Reality Fracture is almost HERE! | !donate !untapped,2026-09-23T18:37:32Z,False,https://www.twitch.tv/yoskylerseymour,80938109,318193412696,2026-09-23 18:49:19,2026-09-23 18:49:19
ypitybu,ypitybu,ypitybu,Twitch,Slots,498566,en,3,hi2,2026-09-30T09:00:49Z,False,https://www.twitch.tv/ypitybu,877812441,316328457709,2026-09-23 18:55:47,2026-10-01 07:07:01
yukinomichiri,yukinomichiri,YukiNoMichiri,Twitch,Magic: The Gathering,2748,it,9,GEMMANDO NEL FARMANDO 💎 | !tm !ds !yt !sound,2026-09-23T16:46:05Z,False,https://www.twitch.tv/yukinomichiri,211726543,318749066982,2026-09-23 18:49:19,2026-09-23 18:49:19
zadysudir,zadysudir,zadysudir,Twitch,Slots,498566,en,1,,2026-09-30T09:19:12Z,False,https://www.twitch.tv/zadysudir,877728767,316298347756,2026-10-01 07:07:01,2026-10-01 07:07:01
zatipodar,zatipodar,zatipodar,Twitch,Slots,498566,en,1,,2026-09-30T16:38:20Z,False,https://www.twitch.tv/zatipodar,877729966,316299885676,2026-10-01 07:07:01,2026-10-01 07:07:01
zebrahdh,zebrahdh,zebrahdh,Twitch,Magic: The Gathering,2748,en,1,MTG Arena,2026-09-23T17:48:29Z,False,https://www.twitch.tv/zebrahdh,129820142,320449673692,2026-09-23 18:49:19,2026-09-23 18:49:19
zedd2k9,zedd2k9,zedd2k9,Twitch,Slots,498566,fr,16,3000 vortex!!!,2026-10-01T02:51:41Z,False,https://www.twitch.tv/zedd2k9,232464868,321775912923,2026-10-01 07:07:01,2026-10-01 07:07:01
zexicusyl,zexicusyl,zexicusyl,Twitch,Slots,498566,en,3,,2026-09-30T08:59:11Z,False,https://www.twitch.tv/zexicusyl,877729937,316328449645,2026-10-01 07:07:01,2026-10-01 07:07:01
zikislots,zikislots,zikislots,Twitch,Slots,498566,en,61,€4.000 Hunt - Chaos Week (24+),2026-09-23T17:53:57Z,False,https://www.twitch.tv/zikislots,1115513002,318554989415,2026-09-23 18:55:47,2026-09-23 18:55:47
zockmafia,zockmafia,zockmafia,Twitch,Slots,498566,de,218,👑 CASINO DOMINANZ LIVE! 🌪️ Keine Gnade für die Slots heute ➡️ Schnapp dir dein VIP-Startguthaben! 💎🎰,2026-09-30T10:41:16Z,False,https://www.twitch.tv/zockmafia,1547465191,318633558375,2026-10-01 07:07:01,2026-10-01 07:07:01
zwollezockt,zwollezockt,zwollezockt,Twitch,Slots,498566,de,94,18+ / NEUES CASI TESTEN NR.3  / !neu / !HUNT  / 350% NON STICKY /  !giveaway / !dc / !telegram,2026-09-23T17:00:24Z,False,https://www.twitch.tv/zwollezockt,594722968,318554164583,2026-09-23 18:55:47,2026-09-23 18:55:47
